phrase,pinyin,english,color
最怕空氣突然安靜,zuì pà kōngqì túrán ānjìng,I'm most afraid of the sudden silence in the air
最怕朋友突然的關心,zuì pà péngyǒu túrán de guānxīn,What I fear most is my friends' sudden concern.
最怕回憶突然翻滾絞痛著 不平息,zuì pà huíyì túrán fāngǔn jiǎo tòngzhe bù píngxí,What I'm most afraid of is that the memories will suddenly roll over and cause pain and will not subside.
最怕突然聽到你的消息,zuì pà túrán tīngdào nǐ de xiāoxī,I'm most afraid of hearing news from you suddenly
想念如果會有聲音,xiǎngniàn rúguǒ huì yǒu shēngyīn,I miss if there was a sound
不願那是悲傷的哭泣,bù yuàn nà shì bēishāng de kūqì,I don't want it to be a sad cry
事到如今 終於讓自己屬於我自己,shì dào rújīn zhōngyú ràng zìjǐ shǔyú wǒ zìjǐ,"Now that things have happened, I finally make myself mine."

只剩眼淚還騙不過自己
zhǐ shèng yǎnlèi hái piàn bùguò zìjǐ
You can't lie to yourself with only tears left

突然好想你 你會在哪裡？
Túrán hǎo xiǎng nǐ nǐ huì zài nǎlǐ?
Suddenly I miss you so much. Where would you be?

過得快樂或委屈？
Guò dé kuàilè huò wěiqu?
Live happily or feel wronged?

突然好想你 突然鋒利的回憶
Túrán hǎo xiǎng nǐ túrán fēnglì de huíyì
Suddenly I miss you so much, suddenly sharp memories

突然模糊的眼睛
túrán móhú de yǎnjīng
suddenly blurred eyes

我們那麼甜 那麼美 那麼相信
Wǒmen nàme tián nàme měi nàme xiāngxìn
We are so sweet, so beautiful, so trusting

那麼瘋 那麼熱烈的曾經
nàme fēng nàme rèliè de céngjīng
So crazy, so passionate once

為何我們 還是要奔向各自的幸福
wèihé wǒmen háishì yào bēn xiàng gèzì de xìngfú
Why do we still have to run towards our own happiness?

和遺憾中老去?
hé yíhàn zhōng lǎo qù?
And grow old with regret?

突然好想你 你會在哪裡？
Túrán hǎo xiǎng nǐ nǐ huì zài nǎlǐ?
Suddenly I miss you so much. Where would you be?

過得快樂或委屈？
Guò dé kuàilè huò wěiqu?
Live happily or feel wronged?

突然好想你 突然鋒利的回憶
Túrán hǎo xiǎng nǐ túrán fēnglì de huíyì
Suddenly I miss you so much, suddenly sharp memories

突然模糊的眼睛
túrán móhú de yǎnjīng
suddenly blurred eyes

最怕空氣突然安靜
Zuì pà kōngqì túrán ānjìng
I'm most afraid of the sudden silence in the air

最怕朋友突然的關心
zuì pà péngyǒu túrán de guānxīn
What I fear most is my friends’ sudden concern.

最怕回憶突然翻滾絞痛著 不平息
zuì pà huíyì túrán fāngǔn jiǎo tòngzhe bù píngxí
What I'm most afraid of is that the memories will suddenly roll over and cause pain and will not subside.

最怕突然聽到你的消息
zuì pà túrán tīngdào nǐ de xiāoxī
I'm most afraid of hearing news from you suddenly

最怕此生已經決心自己過 沒有你
Zuì pà cǐshēng yǐjīng juéxīn zìjǐguò méiyǒu nǐ
What I fear most is that I have decided to live this life on my own without you.

卻又突然聽到你的消息
què yòu túrán tīngdào nǐ de xiāoxī
But suddenly I heard news from you