phrase,english,pinyin,color,comments
音調,tone,yīn diào,pink,
專業,profession,zhuān yè,yellow,
室內,indoor,shì nèi,cyan,
亞洲,Asia,yà zhōu,dark-red,
重口音,Heavy accent,zhòng kŏu yin,light-blue,
語速,speaking speed,yŭ sù,pink,
理解,understanding,lǐ jiě,yellow,
上映,Release,shàng yìng,purple,
下一步,The next step,xià yī bù,orange,
周圍,around,zhōu wéi,light-blue,
逛,visit,guàng,teal,
狂,mad (crazy),kuáng,brown,
市外,Outside the city,shì wài,blue,
他們沒有死,They did not die,tā men méi yŏu sǐ,lime,
開槍自殺,Shot himself,kāi qiāng zì shā,pink,
快遞公司,express delivery company,kuài dì gōng sī,light-blue,
領養,Adoption,lǐng yăng,red,
荷蘭,Netherlands,hé lán,dark-grey,
恐怖分子,terrorist,kŏng bù fēn zǐ,lime,
我感覺很好,I feel great,wŏ găn jué hěn hăo,blue,
非洲,Africa,fēi zhōu,lime,
占領,occupied,zhàn lǐng,teal,
強大,powerful,qiáng dà,hot-pink,
葬禮,funeral,zàng lǐ,light-blue,
爭論,argument,zhēng lùn,red,
說服,convince,shuō fú,red,
壓力,pressure,yā lì,orange,
壓抑,depressed (emotion),yā yì,dark-grey,
提高,improve,tí gāo,grey,
進步,progress (work or school),jìn bù,cyan,
筆記,"notes (work or school, not love notes)",bǐ jì,black,
做筆記,Take notes,zuò bǐ jì,pink,
長期租車,car lease,cháng qī zū chē,brown,
轉租,transfer the lease,zhuăn zū,cyan,
投簡曆,submit resume,tóu jiăn lì,lime,
注冊,registered,zhù cè,dark-grey,
配閤,Coordinate,pèi hé,light-blue,
辦簽證,apply for visa,bàn qiān zhèng,lime,
提前,in advance,tí qián,dark-blue,
人力資源,Human Resources,rén lì zī yuán,hot-pink,
市場,marketing,shì chăng,red,
跑步比賽,running contest,păo bù bǐ sài,lime,
社交,socializing,shè jiāo,light-blue,
粗心大意,Careless,cū xīn dà yi,lime,
不小心,not careful,bù xiăo xīn,cyan,
追捕,chase,zhuī bŭ,cyan,
逃避現實,escape from reality,táo bì xiàn shí,white,
逃避,escape,táo bì,white,
關你屁事,none of your business,guān nǐ pì shì,yellow,
賭博,gambling,dŭ bó,dark-red,
繩子,rope,shéng zi,dark-grey,
噴泉,fountain (like in Vegas),pēn quán,cyan,
念,Idea,niàn,blue,
懷疑,doubt,huái yí,grey,
係,system,xì,cyan,
頭盔,helmet,tóu kuī,dark-blue,
薄,Thin,bó,dark-red,
滿意,satisfaction,măn yì,teal,
尺碼,shoe size,chǐ mă,hot-pink,
量尺寸,measure (shirt size),liáng chǐ cùn,red,
夥伴,partner,huŏ bàn,purple,
相親,blind date,xiāng qīn,cyan,
盲目,blindness,máng mù,brown,
盲人,blind person,máng rén,dark-red,
角落,corner,jiăo luò,red,
真相,truth / fact,zhēn xiàng,brown,
欺騙,deceive / cheat / trick,qī piàn,dark-blue,
基本,basic / fundamental,jī běn,hot-pink,
網戀,cyber love,wăng liàn,dark-grey,
相反,on the contrary,xiāng făn,brown,
強調,emphasize,qiáng diào,brown,
其實,actually,qí shí,orange,
目的,goal,mù dì,orange,
一夜情,ONS(One Night Stand),yī yè qíng,pink,
頻繁,often / frequently,pín fán,grey,
幽默,humor,yōu mò,red,
激情,passion,jī qíng,green,
做法,practice,zuò fă,lime,
器材,equipment,qì cái,cyan,
車型,model of the car,chē xíng,black,
模特,model (person),mó tè,lime,
使用說明書,user's Guide,shǐ yòng shuō míng shū,teal,
航空公司,airline,háng kōng gōng sī,red,
積分,points,jī fēn,dark-red,
經濟艙,Economy Class,jīng jì cāng,yellow,
商務艙,Business Class,shāng wù cāng,dark-blue,
艙,"cabin (plane, train, ship)",cāng,light-blue,
保齡球,bowling,băo líng qiú,blue,
新郎,bridegroom,xīn láng,green,
新娘,bride,xīn niáng,orange,
雙胞胎,twin,shuāng bāo tāi,hot-pink,
一升,one litre,yī shēng,black,
錄像,Recording,lù xiàng,yellow,
吹牛,"brag, boast",chuī niú,green,
處理,"deal with, take of... handle...",chŭ lǐ,dark-grey,
友誼,friendship,yŏu yì,orange,
維係,Maintain,wéi xì,lime,
寫信,write a letter,xiě xìn,light-blue,
捐錢,Donate money,juān qián,dark-grey,
麥剋風,microphone,mài kè fēng,light-grey,
老虎,tiger,lăo hŭ,blue,
同夥,Partner,tóng huŏ,red,
抓住,catch / grab,zhuā zhù,orange,
捉迷藏,hide and seek,zhuō mí cáng,pink,
舞蹈,dance (n),wŭ dăo,green,
介意,mind (they don't mind),jiè yì,pink,
八卦,The eight trigrams,bā guà,yellow,
尖,tip / pointy,jiān,pink,
尖銳,sharp,jiān ruì,white,
空位,room / empty seats,kōng wèi,dark-grey,
短褲,shorts,duăn kù,pink,
人造的,artificial / man made,rén zào de,brown,
腳步,footsteps,jiăo bù,light-grey,
跟不上,keep up / can't follow,gēn bu shàng,red,
裸奔,Streaking,luŏ bēn,grey,
親他一下,Pro him,qīn tā yī xià,yellow,
獨立,independent,dú lì,lime,
收拾,pack,shōu shi,black,
打掃,clean,dă săo,hot-pink,
培訓,Train,péi xùn,white,
菲爾德,field,fēi ěr dé,white,
連鎖,chain,lián suŏ,teal,
總部,Headquarters,zŏng bù,orange,
房東,landlord,fáng dōng,dark-red,
驚喜,Pleasantly surprised,jīng xǐ,dark-blue,
扔掉,Throw away,rēng diào,brown,
請客,buy dinner for...,qǐng kè,black,
接受,accept,jiē shòu,red,
再也不,will never,zài yě bù,lime,
單純,"simple, naive",dān chún,light-grey,
判斷,"determine, figure out",pàn duàn,black,
成語,idiom,chéng yŭ,grey,
無話可說,Nothing to say,wú huà kě shuō,dark-red,
無,nothing,wú,white,
丈夫,husband,zhàng fu,hot-pink,
一直,always,yī zhí,black,
情緒,"mood, emotions",qíng xù,dark-red,
誇張,exaggeration,kuā zhāng,blue,
自豪,pride,zì háo,lime,
程序員,programmer,chéng xù yuán,purple,
標準,standard,biāo zhŭn,purple,
公平,fair (I am very fair),gōng píng,dark-grey,
價格,price,jià gé,light-blue,
收益,Earnings,shōu yì,hot-pink,
錶姐,cousin,biăo jiě,yellow,
小說,"fiction, novel",xiăo shuō,yellow,
一年多,More than a year,yī nián duō,light-blue,
穿過一條路,Across the road,chuān guò yī tiáo lù,green,
扣分,deduction of points,kòu fēn,dark-grey,
鞠躬,bow,jū gōng,dark-red,
吐痰,spit,tŭ tán,black,
不會不一樣,will not be different,bù huì bù yī yàng,cyan,
第三國傢,Third countries,dì sān guó jiā,light-grey,
發展中國傢,Developing country,fā zhăn zhōng guó jiā,light-grey,
發達國傢,Developed country,fā dá guó jiā,yellow,
貧富差距大,Gap between rich and poor,pín fù chā jù dà,teal,
政策,policy,zhèng cè,dark-blue,
産生,produce,chăn shēng,cyan,
職位,position (in a company),zhí wèi,dark-blue,
俄羅斯,Russia,é luó sī,purple,
大象,Elephant,dà xiàng,hot-pink,
孔雀,peacock,kŏng què,purple,
天壇,Temple of Heaven,tiān tán,light-grey,
紫禁城,Forbidden City,zǐ jìn chéng,blue,
一路平安,have a safe trip,yī lù píng ān,green,
社區,community,shè qū,blue,
海拔,altitude,hăi bá,pink,
場地,site / place,chăng dì,light-blue,
融化,melt,róng huà,brown,
抗拒,resist,kàng jù,pink,
拖拖拉拉,lollygagging around,tuō tuō lā lā,grey,
集中注意力,concentrate,jí zhōng zhù yì lì,light-blue,
微波爐,Microwave oven,wēi bō lú,hot-pink,
3D打印,3D printing,3D dă yìn,dark-red,
首都,capital city,shŏu dū,orange,
經濟,economic,jīng jì,light-blue,
再試一下,Try again,zài shì yī xià,blue,
巧閤,coincidence,qiăo hé,lime,
地道,typical,dì dao,lime,
重慶,Chongqing,chóng qìng,black,
豬肉餡兒,Pork stuffing,zhū ròu xiàn r5,brown,
悶,stuffy (weather),mèn,pink,
蟬,cicada (insect),chán,brown,
發出,issue,fā chū,red,
晴朗,sunny,qíng lăng,yellow,
暖和,warm,nuăn huo,grey,
沒見麵,Did not meet,méi jiàn miàn,orange,
山頂,Hilltop,shān dǐng,teal,
儀式,ceremony,yí shì,green,
抹,wipe (on the face),mŏ,white,
婚紗,Wedding dress,hūn shā,red,
弄髒,Stain,nòng zāng,white,
穿婚紗,Wear a wedding dress,chuān hūn shā,blue,
西式的婚禮,Western-style wedding,xī shì de hūn lǐ,yellow,
中式的婚禮,Chinese wedding,zhòng shì de hūn lǐ,dark-red,
漢服,Classical Chinese clothing,hàn fú,lime,
敬茶,offer tea,jìng chá,yellow,
敬酒,toast (offer a drink),jìng jiŭ,blue,
結交,Make friends,jié jiāo,cyan,
最希望找到,The most hope to find,zuì xī wàng zhăo dào,green,
感受,Feeling,găn shòu,green,
農村,Countryside,nóng cūn,hot-pink,
申請,Application,shēn qǐng,cyan,
避暑,Mountain,bì shŭ,dark-grey,
糾正,correct,jiū zhèng,lime,
衝浪,surf,chōng làng,brown,
體校,Sports School,tǐ xiào,grey,
現場,on site (for sports),xiàn chăng,green,
氣氛很好,good atmosphere (for sports),qì fēn hěn hăo,purple,
確實,indeed (filler words),què shí,red,
口頭禪,filler words (catch phrase),kŏu tóu chán,brown,
度蜜月,Honeymoon,dù mì yuè,blue,
播客,podcast,bō kè,grey,
原 材料,Raw materials,yuán cái liào,brown,
奶精,Creamer,năi jīng,dark-red,
適應,adapt,shì yìng,purple,
力量,power (this is their power),lì liang,green,
權力,authority / power,quán lì,yellow,
太巧了,A coincidence!,tài qiăo le,grey,
全職,full time,quán zhí,grey,
兼職,part time,jiān zhí,yellow,
項目,project,xiàng mù,cyan,
訓練,training,xùn liàn,purple,
輔導,Coach,fŭ dăo,lime,
帶領,lead (lead the teacher),dài lǐng,blue,
綫下,offline,xiàn xià,red,
修補,repair (clothes) or tailor,xiū bŭ,blue,
未婚夫,fiancé,wèi hūn fū,dark-red,
領結,bowtie,lǐng jié,lime,
領帶,long neck tie,lǐng dài,hot-pink,
集,set / season,jí,pink,
叛變,Renegade,pàn biàn,hot-pink,
字幕,subtitle,zì mù,brown,
鐵王座,Iron Throne,tiě wáng zuò,hot-pink,
憐憫,mercy,lián mǐn,dark-blue,
值得,worth it,zhí de,lime,
三心二意,half-hearted / not focused,sān xīn èr yì,dark-blue,
放輕鬆,Relax,fàng qīng sōng,green,
輕鬆,easy or relaxed,qīng sōng,red,
上升,rise,shàng shēng,purple,
下降,decline,xià jiàng,hot-pink,
日出,sunrise,rì chū,orange,
日落,sunset,rì luò,orange,
劇透,spoiler,jù tòu,blue,
話劇,Drama,huà jù,cyan,
舞颱,stage,wŭ tái,dark-grey,
隱形,Stealth,yǐn xíng,orange,
玫瑰,rose,méi guī,dark-red,
復製,copy,fù zhì,lime,
粘貼,Stick,zhān tiē,pink,
織物,Fabric,zhī wù,purple,
量,the ammount / measure (v),liàng,dark-blue,
軟尺,Soft feet,ruăn chǐ,purple,
身高,height,shēn gāo,yellow,
三圍,Measurements,sān wéi,red,
米尺,Meter rule,mǐ chǐ,green,
尺子,ruler,chǐ zi,yellow,
送過來,send over,sòng guò lai,white,
生,Raw,shēng,dark-red,
菜市場,Markets,cài shì chăng,green,
睏難,difficult,kùn nan,dark-grey,
公交車,bus,gōng jiāo chē,pink,
未婚女子,Unmarried woman,wèi hūn nǚ zǐ,dark-grey,
季,season,jì,white,
吐槽,Make complaints,tŭ cáo,white,
喉嚨,throat,hóu lóng,dark-blue,
策略,Tactics,cè lǜe,grey,
虛擬,Virtual,xū nǐ,grey,
篤實,honest / sincere,dŭ shí,purple,
近親,Next of kin,jìn qīn,cyan,
亂,Disorderly,luàn,yellow,
傻,stupid,shă,green,
綽號,nickname,chuò hào,blue,
演技,Acting,yăn jì,purple,
高級,advanced,gāo jí,black,
代溝,The generation gap,dài gōu,purple,