hanziSimplified,tone
%,1
A,
B,1
P,
Q,
T,
w,
□,4
□,1
□,1
○,2
⺮,2
々,5
〇,2
〡,1
〢,4
〣,1
〤,4
〥,3
〦,4
〧,1
〨,1
〩,3
〸,2
〻,5
㍻,5
㍼,5
㍽,5
㍾,5
㐄,4
㐅,3
㐆,3
㐌,1
㐖,2
㐜,2
㐡,4
㐤,2
㐫,1
㐰,4
㐺,4
㑊,4
㑇,4
俊,4
㒳,3
㒸,4
罔,3
寇,4
㔾,2
却,4
厨,2
参,1
㕥,1
以,3
㕯,4
㕻,3
㗂,3
𪢌,2
㘎,3
坳,4
㘵,4
㙍,1
㙦,2
㚻,1
㛂,3
㛃,2
㝄,2
㝇,2
宿,4
冥,2
最,4
㝵,4
㝵,2
㞎,3
㞗,2
㞙,4
𪨊,2
岸,4
㟃,1
岛,3
㠇,4
以,3
帆,1
帽,4
廉,2
迥,3
㢲,4
㢴,1
㣟,4
㤅,4
恩,1
㥁,2
㥏,3
惬,4
㤘,4
㥯,3
㦂,2
㧯,3
拿,2
㨃,3
捷,2
晃,3
据,4
㩐,4
携,2
㨫,3
携,2
㧐,3
㪃,2
㪋,4
散,4
敦,1
㫰,4
㫺,1
暖,3
㬎,3
㮎,1
㮚,4
㮸,4
橹,3
㯳,2
饮,3
㱾,1
㲈,2
㲈,2
㲋,4
㲱,4
㲾,3
㳂,2
涎,2
㳇,4
法,3
㳘,1
㳮,4
深,1
涧,4
㵐,2
㵪,2
㵮,2
㶸,2
㷖,4
㷭,1
烨,4
㸌,4
㹠,2
㹢,1
㹴,1
㺢,4
㺵,3
㻬,2
㻽,2
碗,3
留,2
㽮,1
瘪,3
㿝,1
㿠,4
䂖,2
䂲,3
䂶,2
䃉,2
䃎,4
䅵,2
䇲,4
筲,1
糊,2
䍃,2
䍹,1
䎃,3
䒗,4
䓬,2
䔢,2
䕭,2
䕭,2
䖟,2
䖸,2
䗈,2
䗥,1
䗪,4
蜂,1
䗶,4
恤,4
脉,4
卒,2
词,2
䛟,2
䝓,4
獾,1
䞓,1
䟆,4
䟖,3
䠀,3
趟,1
䠞,4
射,4
䢺,1
䤈,1
鿏,4
镰,2
䥯,4
䦉,4
䦕,1
䩦,2
䫏,1
飒,4
䬠,1
䬪,2
驮,2
䯝,3
魂,2
鲃,1
鳚,4
䲔,1
鳤,3
䳗,2
鹅,2
䳭,2
𬸩,3
鹮,2
麸,1
䵹,1
衄,4
䶑,4
一,1
丁,1
丁,1
丂,3
七,1
丄,4
丅,4
丆,5
万,4
丈,4
三,1
三,1
上,3
上,4
下,4
丌,1
丌,1
丌,2
不,4
丏,3
丐,4
丑,3
丑,3
丒,3
且,3
丕,1
世,4
世,4
丗,4
丘,1
丘,1
丙,3
丞,2
丢,1
丠,1
両,3
丣,3
并,4
丨,3
丨,4
丩,1
丫,1
中,1
中,1
中,4
丮,3
丰,1
丱,4
丱,4
串,4
丳,3
丵,2
丶,3
丷,1
丷,5
丸,2
丹,1
主,3
丼,4
丼,3
丿,3
乀,2
乀,3
乂,4
乃,3
久,3
乆,3
乇,1
乇,2
幺,1
幺,1
乊,5
之,1
乍,4
乎,1
乏,2
乑,4
乒,1
乓,1
乕,3
乖,1
乗,2
乘,2
乘,2
乘,4
乙,3
乙,2
乚,4
乛,2
乜,4
乜,1
九,3
乞,3
也,3
也,3
乢,4
乣,3
乤,5
乥,5
乧,5
乨,3
乩,1
乪,1
乫,5
乭,2
乳,3
乴,2
乶,3
乷,5
乸,3
乾,2
干,1
乺,5
乼,5
乾,2
乾,2
干,1
干,1
乿,4
乿,4
亀,1
乾,2
干,1
乱,4
亃,2
亄,4
亅,2
了,5
了,3
亇,4
予,2
予,3
亊,4
事,4
二,4
亍,4
于,2
于,2
亐,2
云,2
互,4
亓,2
亓,2
五,3
井,3
井,3
亖,4
亘,4
些,1
亜,4
亝,2
斋,1
亚,4
亚,4
亟,2
亟,4
亠,2
亡,2
亢,4
亢,4
交,1
亥,4
亦,4
亨,1
亪,5
享,3
京,1
京,1
亭,2
亮,4
享,3
夜,4
亳,2
亶,3
亶,3
廉,2
亹,2
亹,3
人,2
亻,2
亼,2
亽,2
亽,5
亡,2
什,2
什,2
仁,2
仂,4
仃,1
仄,4
仆,1
仇,2
仇,2
仇,2
仈,1
仉,3
今,1
介,4
仌,1
仍,2
从,2
仏,2
仒,5
仔,3
仔,1
仔,3
仕,4
他,1
仗,4
付,4
付,4
仙,1
仚,1
仝,2
仞,4
仟,1
仡,1
仡,4
代,4
令,2
令,3
令,4
以,3
以,3
仨,1
仫,4
仮,3
仰,3
仰,3
仲,4
仲,4
仳,3
仵,3
仵,3
件,4
任,2
任,4
份,4
仿,3
伀,1
企,3
伄,4
伇,4
伈,3
伉,4
伊,1
伊,1
伋,2
伍,3
伍,3
伎,4
伏,2
伏,2
伐,2
休,1
休,1
伕,1
伙,3
伜,4
伝,2
伝,2
伢,2
伩,4
伭,2
伭,2
伭,2
伯,4
伯,3
伯,2
估,1
估,4
伱,3
伲,3
伲,4
伴,4
伶,2
伸,1
伹,1
伺,4
伺,4
伻,1
似,4
似,4
伽,1
伾,1
似,4
佃,4
佃,2
但,4
伫,4
布,4
佉,1
佌,3
位,4
低,1
住,4
佐,3
佑,4
占,4
何,2
何,2
佗,2
佘,2
余,2
余,2
佚,4
佚,2
佚,4
佛,2
作,1
作,4
佝,1
佝,4
佞,4
佟,2
你,3
佡,1
佢,2
佣,4
佤,3
佧,3
佩,4
佪,2
佫,4
佬,3
佯,2
佰,3
佱,3
佳,1
佳,1
佴,4
并,4
佶,2
佷,3
佸,2
佹,3
佺,2
佻,1
佼,3
佽,4
佽,4
佾,4
使,3
侀,2
侁,1
侂,1
侃,3
侄,2
侅,1
来,2
侇,2
侈,3
侉,3
例,4
侌,1
侍,4
侏,1
侐,4
侑,4
侔,2
仑,2
侗,4
侗,2
侘,4
侚,4
供,1
供,4
侜,1
依,1
価,4
侢,4
侮,3
侯,2
侯,2
侯,4
侴,3
侵,1
侣,3
局,2
侹,3
侽,2
便,4
便,2
俣,3
系,4
促,4
俄,2
俄,2
俅,2
俉,2
俊,4
俊,4
俍,2
俎,3
俏,4
俐,4
俑,3
𠇹,4
伣,4
俗,2
俘,2
俚,3
俚,3
俛,3
俯,3
俜,1
保,3
保,3
俞,2
俞,4
俞,2
俟,2
俟,4
侠,2
信,4
俤,4
修,1
修,1
俯,3
俱,4
效,4
俳,2
俴,4
俵,4
俶,4
俷,4
俸,4
俺,3
备,4
俾,3
伥,1
倂,4
倃,4
倅,4
俩,3
俩,3
仓,1
个,3
个,4
倌,1
倍,4
倏,1
倏,1
们,5
倒,3
倒,4
倓,2
倔,2
倔,4
幸,4
倘,2
倘,3
候,4
倚,3
倜,4
倝,4
倞,4
倞,4
借,4
倡,4
倢,2
仿,3
値,2
倥,1
倥,3
倦,4
倨,4
倩,4
倪,2
倪,2
伦,2
倬,1
倭,1
倮,3
倵,3
倶,4
倷,3
睬,3
倹,3
倻,1
值,2
倽,2
偁,1
偃,3
偃,3
假,1
假,3
假,4
偈,4
偈,2
伟,3
偌,4
偎,1
偏,1
偓,4
偕,2
侃,3
做,4
停,2
偝,4
偟,2
偡,4
偢,3
健,4
偨,1
偩,4
逼,1
偫,4
偭,3
偯,3
偰,4
偱,2
偲,1
偲,1
侧,4
侧,1
侦,1
偶,3
偷,1
偸,1
咱,2
伪,3
傀,1
傀,3
傅,4
傅,4
傈,4
㐷,4
傍,4
傎,1
杰,2
傒,1
傓,1
傔,4
傕,2
傕,2
伧,1
伞,3
备,4
效,4
傜,2
傞,1
家,1
傣,3
催,1
佣,1
傮,1
偬,3
傲,4
传,2
传,4
伛,3
债,4
伤,1
傺,4
傻,3
倾,1
傿,1
傿,4
偻,2
偻,3
僃,4
僄,4
仅,3
僇,4
佥,1
仙,1
働,5
僎,4
像,4
侨,2
僔,3
仆,2
僖,1
僖,1
僚,2
僚,2
僜,4
僝,2
伪,3
僣,4
𫢸,4
侥,3
侥,2
僦,4
僧,1
偾,4
僩,4
僬,1
僭,4
僮,4
僮,2
僯,3
僰,2
雇,4
僳,4
僴,4
僵,1
价,4
价,5
僻,4
僾,4
僿,4
仪,2
俊,4
侬,2
儃,2
亿,4
儅,1
儆,3
儇,1
侩,4
俭,3
儊,4
儋,1
儌,3
儍,3
傤,4
傧,1
儒,2
儓,2
俦,2
侪,2
拟,3
尽,3
儜,2
儞,3
偿,2
儡,3
儤,4
儦,1
儩,4
优,1
儭,4
儱,3
储,3
储,3
儳,4
倏,1
俪,4
㑩,2
儹,3
傩,2
傥,3
俨,3
儽,3
儿,2
兀,4
兀,4
允,3
元,2
元,2
兄,1
充,1
兆,4
兆,4
凶,1
先,1
光,1
克,4
克,4
兑,4
兑,4
免,3
免,4
兔,4
児,2
儿,2
儿,5
兔,4
兕,4
兖,3
兘,3
兙,2
兛,1
兜,1
兝,1
兞,2
兟,1
兜,1
兡,3
兢,1
兣,2
入,4
内,4
全,2
全,2
两,3
兪,2
八,1
公,1
六,4
兮,1
共,4
兲,1
兵,1
其,2
具,4
典,3
兼,1
冀,4
冀,4
冂,1
冃,4
冉,3
円,2
冇,3
冉,3
冉,3
册,4
冋,1
再,4
冏,3
冒,4
冑,4
冒,4
冒,4
冓,4
冔,3
冕,3
冖,4
冗,3
冘,2
冘,2
冞,2
冠,4
冠,1
冠,4
冡,2
冢,3
冣,4
最,4
冤,1
冥,2
冧,2
幂,4
冫,1
冬,1
冮,1
冰,1
冱,4
冶,3
冷,3
冷,3
泯,3
冼,3
冽,4
凃,2
凄,1
凅,4
准,3
凇,1
净,4
凊,4
凋,1
凌,2
凌,2
冻,4
凓,4
凔,1
凛,3
凝,2
凞,1
凟,2
几,1
凡,2
凡,2
凥,1
処,3
凮,1
凰,2
凯,3
凯,3
凳,4
凭,2
凵,3
凶,1
凸,1
凹,1
凹,1
出,1
凼,4
函,2
刀,1
刀,1
刁,1
刁,1
刂,1
刃,4
分,1
分,4
切,1
切,4
刈,4
刊,1
刌,3
刎,3
刑,2
刑,2
划,2
刓,2
刖,4
列,4
刜,2
初,1
刞,4
刡,3
判,4
别,2
别,2
劫,2
劫,2
刨,4
刨,2
利,4
利,4
删,1
刮,1
到,4
刱,1
刱,4
刲,1
刳,1
刴,4
刵,4
制,4
刷,1
刷,4
券,4
刺,1
刺,4
刻,4
劫,2
刾,4
剁,4
剃,4
刭,3
剅,2
则,2
锉,4
削,1
削,1
克,4
克,4
剋,1
剌,2
剌,4
前,2
刹,4
刹,1
创,4
剒,4
剔,1
剕,4
剖,1
刬,3
创,4
剚,4
刚,1
剜,1
剥,1
剥,1
剞,1
剟,1
剡,4
剡,3
剣,4
剤,4
剩,4
剪,3
剪,3
剐,3
副,4
剰,4
割,1
剳,2
札,2
剀,3
创,1
创,4
铲,3
剸,2
戮,4
剺,2
剽,1
剿,1
剿,3
劁,1
劂,2
划,2
划,4
劄,1
札,2
剧,4
劈,1
劈,3
刘,2
刘,2
刽,4
刿,4
剑,4
劐,1
劐,4
剂,4
剑,4
劓,4
劖,2
劘,2
劙,2
力,4
力,4
功,1
加,1
加,1
劣,4
劦,4
劦,2
助,4
努,3
劫,2
劬,2
劭,4
劭,4
劮,4
労,2
券,4
劵,4
效,4
劻,1
劼,2
劾,2
劲,4
劲,4
勃,2
勄,3
敕,4
勇,3
勈,3
勉,3
倦,4
勍,2
勐,3
敕,4
勒,4
勒,1
勔,3
动,4
勖,4
勗,4
勘,1
务,4
勋,1
胜,4
劳,2
募,4
勠,4
势,4
𪟝,4
勤,2
剿,1
剿,3
勧,4
勚,4
勯,1
勰,2
劢,4
勋,1
勋,1
励,4
励,4
勷,2
劝,4
勹,1
勺,2
匀,2
勾,1
勾,1
勾,4
勿,4
匁,5
丐,4
丐,4
包,1
包,1
匆,1
匈,1
匈,1
匉,1
匊,1
匋,2
匍,2
匏,2
匐,2
匑,1
匔,1
匕,3
化,1
化,4
北,3
匘,3
匙,2
匙,5
匚,1
匜,2
匝,1
匞,4
炕,4
匠,4
匡,1
匡,1
匣,2
匧,4
匪,3
匦,3
汇,4
匮,4
匮,4
匮,4
奁,2
奁,2
匴,3
匵,2
匶,4
匸,4
匹,3
匽,3
匾,3
匿,4
区,1
区,1
十,2
卂,4
千,1
卄,4
卅,4
卆,2
升,1
午,3
卉,4
半,4
卋,4
卌,4
卍,4
卐,4
卑,1
卒,4
卒,2
卓,2
卓,2
协,2
南,2
南,1
南,2
単,1
博,2
卛,4
卛,4
卜,3
卜,3
卝,4
卝,4
卞,4
卞,4
卟,3
占,1
占,4
卡,3
卡,3
卣,3
卦,4
卨,4
卩,2
卪,2
卪,5
卬,2
卬,2
卮,1
卯,3
印,4
印,4
危,1
危,1
卲,4
即,2
卵,3
卷,3
卷,4
卸,4
恤,4
却,4
卼,4
卽,2
卿,1
膝,1
厂,3
厄,4
厎,3
厓,2
厔,4
厖,2
厗,2
厘,2
厍,4
厚,4
厜,1
厝,4
厞,4
原,2
原,2
厕,4
历,4
厥,2
厪,3
厪,2
厌,4
厮,1
厰,3
厉,4
厉,4
厳,2
厣,3
厶,3
厶,1
厷,1
厷,2
厹,2
厹,2
厺,4
去,4
厼,5
厾,1
叁,1
叁,1
参,1
参,1
参,1
叄,1
参,1
又,4
叉,1
叉,2
叉,3
及,2
友,3
反,3
収,1
叒,4
叔,1
叕,2
取,3
受,4
假,3
叛,4
叟,3
睿,4
丛,2
口,3
古,3
古,3
句,1
句,4
另,4
叨,1
叨,1
叩,4
只,1
只,3
叫,4
召,4
召,4
叭,1
叮,1
可,3
可,4
台,2
台,2
叱,4
史,3
史,3
右,4
叵,3
叶,2
司,1
司,1
叻,4
叼,1
吁,1
吁,4
吃,1
各,4
吅,4
吅,1
吆,1
合,3
合,2
吉,2
吉,2
吊,4
吋,4
同,2
名,2
后,4
后,4
吏,4
吐,3
吐,4
向,4
向,4
吒,1
吒,4
吔,1
吖,1
咿,1
君,1
吜,3
吝,4
吞,1
吟,2
吠,4
吡,3
吥,4
否,3
否,3
吧,1
吧,5
吧,1
吩,1
吪,2
含,2
听,3
吭,2
吭,1
吮,3
吰,2
吱,1
吱,1
吲,3
吴,2
吵,3
呐,4
呐,5
吸,1
吹,1
吻,3
吼,3
吽,1
吽,3
吾,2
吾,2
呀,5
吕,3
吕,3
呃,4
呆,1
呇,3
呈,2
呉,2
告,4
呋,1
叫,4
呎,3
呏,1
呑,1
呔,1
呔,3
呝,4
呠,1
呡,3
呢,5
呢,2
呣,2
呣,4
呤,2
呤,4
呦,1
呧,3
周,1
周,1
咒,4
呫,4
呫,4
呫,1
呬,4
呯,2
呰,3
呱,1
呲,1
呲,1
味,4
呴,1
呵,1
呵,1
呶,2
呶,3
呷,1
呸,1
呺,1
呻,1
呼,1
命,4
呿,1
咀,3
咀,3
咁,1
咂,1
咄,1
咅,3
咆,2
咇,4
咈,2
和,2
咋,3
咋,2
咋,1
和,2
和,2
和,4
和,2
和,2
和,4
咍,1
咎,4
咐,4
咑,1
咒,4
咔,3
咕,1
咖,1
咖,1
咗,3
咚,1
咠,4
咡,4
咢,4
咣,1
咤,4
咥,2
咥,4
咦,2
咧,1
咧,3
咧,5
咨,1
咩,1
咪,1
咫,3
咬,3
咭,1
咮,4
咯,1
咯,5
咯,4
咱,2
咱,2
笑,4
咳,1
咳,2
咴,1
咷,2
咸,2
咸,2
咹,4
咺,3
咻,1
呙,1
呙,1
咽,1
咽,4
咽,4
咾,3
咿,1
哀,1
哀,1
品,3
哂,3
哃,2
哄,1
哄,3
哆,1
哇,1
哇,5
哈,1
哈,1
哈,3
哉,1
哋,4
哌,4
哎,1
哏,2
哏,3
哐,1
哚,3
哞,1
员,2
哢,4
哤,2
哥,1
哦,2
哦,2
哦,4
哦,5
哧,1
哨,4
哩,3
哩,5
哪,3
哪,5
哪,2
哪,3
哫,2
哭,1
哮,4
哰,2
哱,1
哲,2
哳,1
咩,1
哺,3
哼,1
哼,5
哽,3
哿,3
唁,4
唂,1
唃,1
呗,4
呗,5
唅,2
唆,1
唇,2
唈,4
唉,1
唉,4
唊,2
唎,4
唎,5
唏,1
唐,2
唐,2
唑,4
唔,2
唣,4
启,3
吣,4
唞,3
唣,4
唧,1
唪,3
吟,2
唫,4
唫,2
唬,3
售,4
唯,2
唯,3
唰,1
唱,4
唲,2
唳,4
唵,3
唶,4
唷,1
唷,5
念,4
唹,2
唻,4
唼,3
唾,4
唿,1
啁,1
啁,1
啃,3
啄,2
啅,4
商,1
商,1
啉,2
啊,1
啊,2
啊,3
啊,4
啊,5
啍,1
啎,3
问,4
啐,4
喋,2
启,3
啕,2
啖,4
啖,4
啜,4
哑,1
哑,3
启,3
启,3
啡,1
唡,3
衔,2
啤,2
啥,2
啦,1
啦,5
啪,1
啫,3
啱,1
啲,1
啵,1
啵,5
啶,4
啷,1
啺,2
啻,4
啼,2
啽,2
啾,1
喀,1
喁,2
喁,2
喂,2
喂,4
喃,2
善,4
喆,2
喇,1
喇,3
喈,1
喉,2
喊,3
喋,2
喌,1
㖞,1
喏,4
喏,3
喑,1
咱,2
喓,1
喔,1
喔,5
喔,1
喘,3
喙,4
唤,4
喜,3
喝,1
喝,4
喟,4
喣,3
喤,2
喥,4
喦,4
喧,1
喨,4
喩,4
丧,1
丧,4
吃,1
乔,2
乔,2
喭,4
单,4
单,2
单,1
喰,1
喱,2
哟,1
哟,5
喳,1
喳,1
喵,1
営,2
喹,2
喺,3
喻,4
喻,4
喼,2
喿,4
嗀,4
啼,2
嗃,4
嗄,2
嗄,4
嗅,4
呛,1
呛,4
啬,4
嗈,1
嗉,4
唝,4
唝,3
嗌,4
嗌,4
嗍,1
吗,2
吗,3
吗,5
嗐,4
嗑,4
嗒,1
嗒,4
嗓,3
嗔,1
嗕,4
嗖,1
嗙,3
呜,1
嗛,4
嗜,4
嗝,2
嗞,1
嗟,1
嗡,1
嗣,4
嗤,1
嗥,2
嗦,1
嗨,1
唢,3
嗪,2
嗬,1
嗯,1
嗯,4
嗯,5
𠮶,4
嗲,3
嗵,1
哔,4
嗷,2
嗹,2
嗻,4
嗽,4
嗾,3
嗿,3
嘀,1
嘀,2
嘁,1
嘂,4
嘅,3
慨,3
叹,4
嘈,2
嘉,1
嘉,1
啀,2
嘌,4
喽,2
喽,5
嘎,2
嘏,3
嘏,3
嘐,1
呼,1
嘒,4
啯,1
呕,3
啧,2
尝,2
嘚,1
嘛,2
嘛,5
唛,4
嘞,5
嘟,1
嘎,2
嘡,1
嘢,3
嘣,1
嘥,1
嘦,4
嘧,4
哗,1
哗,2
嘫,2
嘬,4
嘬,1
嘭,1
唠,2
唠,4
啸,4
叽,1
嘲,2
嘲,1
嘴,3
哓,1
嘶,1
嗥,2
呒,3
呒,2
嘹,2
嘻,1
啴,3
啴,1
嘿,1
噀,4
𫫇,4
噂,3
𠯠,1
噇,2
啖,4
噌,1
噌,1
噍,4
噎,1
噏,1
嘘,1
噔,1
噗,1
噘,1
噙,2
㖊,2
噛,4
咝,1
噞,3
哒,1
噢,1
噤,4
哝,2
哕,4
哕,3
器,4
噩,4
噪,4
噫,1
噬,4
噭,4
嗳,3
嗳,4
噱,2
哙,4
哙,4
哙,4
噳,3
喷,1
喷,4
噶,2
噷,5
吨,1
当,1
噻,1
噼,1
咛,2
嚃,4
嚄,4
嚄,3
嚅,2
嚆,1
吓,4
吓,4
嚉,1
哜,4
嚎,2
嚏,4
尝,2
嚓,1
嚓,1
嚔,4
噜,1
嚗,2
啮,4
嚚,2
嚜,5
嚝,1
嚞,2
嚟,4
咽,4
呖,4
咙,2
嚬,2
嚭,3
向,4
嚯,4
嚱,1
亸,3
喾,4
严,2
严,2
嚵,2
嚵,4
嘤,1
嚷,3
嚼,2
嚼,4
啭,4
嗫,4
嚣,1
冁,3
囆,4
呓,4
啰,1
啰,2
啰,5
囊,2
苏,1
囍,3
嘱,3
𪢠,2
啮,4
囔,1
囖,5
囗,2
囘,2
因,1
囚,2
四,4
囝,3
囝,1
回,2
囟,4
因,1
囡,1
団,2
囤,4
囤,2
囥,4
囦,1
囧,3
囨,1
囱,1
囱,1
囫,2
囬,2
囮,2
囯,2
困,4
囲,2
図,2
囶,2
囷,1
囸,4
囹,2
固,4
囻,2
囿,4
圀,2
圂,4
圃,3
圄,3
函,2
囵,2
圈,1
圈,4
圈,1
圉,3
圊,1
国,2
国,2
圌,2
围,2
围,2
圏,1
圐,1
园,2
园,2
圆,2
圕,1
图,2
团,2
圙,4
圛,4
圜,2
圜,2
圞,2
土,3
土,3
圢,3
圣,1
圣,4
圧,1
在,4
圩,2
圩,1
圪,1
圫,4
圫,1
圬,1
圭,1
圮,3
圯,2
地,5
地,4
圱,1
圱,2
圳,4
圴,2
圻,2
圾,1
址,3
坂,3
坆,2
坆,2
均,1
坈,1
坊,1
坊,1
坊,2
坋,4
坌,4
坍,1
坎,3
坐,4
坐,4
坑,1
坒,4
坓,3
坕,1
坡,1
坤,1
坦,3
坨,2
坩,1
坪,2
坫,4
坭,2
坯,1
坰,1
坱,3
坲,2
坳,4
坴,4
丘,1
坷,3
坻,2
坻,3
坼,4
坽,2
附,4
垂,2
垃,1
垇,4
垈,4
型,2
垌,4
垍,4
垎,4
垏,4
垓,1
垔,1
垕,4
垖,1
垗,4
垙,1
垚,2
垛,3
垛,4
垛,3
垝,3
垞,2
垟,2
垠,2
垡,2
垢,4
垣,2
垤,2
垧,3
垮,3
垵,3
垺,2
垾,4
垿,4
埀,2
埂,3
埃,1
埃,1
埄,3
埄,1
埆,4
埇,3
埈,4
埋,2
埋,2
埌,4
城,2
埏,1
埏,2
埒,4
埔,4
埔,3
埕,2
埗,4
埛,1
野,3
埝,4
域,4
埠,4
垭,1
埤,2
埦,3
埧,4
埫,3
埫,3
埭,4
埯,3
埰,4
埲,3
坎,3
埴,2
埵,3
埶,4
执,2
埸,4
培,2
基,1
埼,2
埽,4
堀,1
堂,2
坤,1
堄,4
坚,1
堆,1
堇,3
堈,1
堉,4
垩,4
堋,2
堌,4
堍,4
堎,2
堐,2
垴,3
塍,2
堙,1
埚,1
堞,2
堠,4
堡,3
堡,3
堡,4
堤,1
阶,1
堧,2
堨,4
堪,1
堭,2
堮,4
尧,2
堰,4
报,4
堲,2
堳,2
场,2
场,3
堵,3
堼,4
堽,1
堿,3
塁,3
塂,3
塃,1
塄,2
塅,4
塈,4
块,4
茔,2
塌,1
塍,2
垲,3
塑,4
埘,2
塓,4
塔,3
塕,3
涂,2
塘,2
塙,4
冢,3
塝,4
塞,1
塞,1
塞,4
塞,4
葬,4
塠,1
塡,2
坞,4
埙,1
塥,2
塩,2
填,2
塬,2
塭,1
塱,3
场,2
场,3
尘,2
堑,4
砖,1
塽,3
塾,2
𪣻,3
墀,2
墁,4
境,4
墅,4
墈,4
墉,1
垫,4
墐,3
墒,1
墓,4
塔,3
増,1
墘,2
坠,4
墝,1
增,1
墟,1
𫮃,4
墦,2
墨,4
墨,4
墩,1
墩,1
墫,1
墬,4
堕,4
墰,2
坟,2
墵,2
垯,5
墺,4
墙,2
墼,1
垦,3
壁,4
野,3
壅,1
壆,2
坛,2
𡒄,3
壊,4
垱,4
壌,3
壎,1
壑,4
壒,4
压,1
压,4
壔,3
壕,2
壖,2
垒,3
圹,4
垆,2
壜,2
壝,3
坏,4
垄,3
垅,3
壡,4
坜,4
壤,3
坝,4
塆,1
士,4
士,4
壬,2
壭,5
壮,4
壮,4
壱,1
売,4
壴,4
壴,4
壹,1
壶,2
婿,4
壸,3
寿,4
寿,4
壿,1
夀,4
夂,3
夅,4
夅,2
夆,2
変,4
夊,1
夌,2
夏,4
夏,4
夓,4
夔,2
夕,1
外,4
夗,4
卯,3
夙,4
多,1
夜,4
够,4
梦,4
夣,4
夤,2
伙,3
夥,3
大,4
大,4
天,1
太,4
夫,1
夫,2
夬,4
夭,1
央,1
夯,4
夯,1
失,1
夶,3
夷,2
夸,1
夼,3
夹,1
夹,2
夹,4
奄,3
奄,1
奄,3
奇,1
奇,2
奈,4
奉,4
奌,3
奎,2
奏,4
奂,4
奂,4
契,4
奓,3
奓,1
奓,4
奔,1
奔,4
奕,4
套,4
奘,4
奘,3
奚,1
奚,1
奜,3
奠,4
奡,4
奢,1
奣,3
奥,4
奥,4
奨,3
奁,2
夺,2
奫,1
奬,3
奭,4
奭,4
奋,4
奰,4
女,3
女,3
奴,2
奶,3
奸,1
她,1
姹,4
好,3
好,4
妁,4
妁,4
如,2
妃,1
妄,4
妅,2
妉,1
妊,4
妍,2
妏,4
妒,4
妓,4
妖,1
妗,4
妘,2
妙,4
妚,1
妆,1
妞,1
妣,3
妤,2
妥,3
妨,2
妒,4
妭,2
妮,1
妯,2
妲,2
你,3
奶,3
妵,3
侄,2
妸,1
妹,4
妺,4
妻,1
妻,4
妽,1
妾,4
姁,3
姄,2
姅,4
姆,3
姈,2
姊,3
姊,3
始,3
姗,1
姐,3
姑,1
姒,4
姒,4
姓,4
委,3
委,1
委,3
姘,1
妊,4
姚,2
姚,2
姜,1
姜,1
姝,1
姞,2
姣,1
姣,1
姤,4
姥,3
姥,3
奸,1
姧,1
姨,2
侄,2
姫,1
姬,1
姬,1
姮,2
姱,1
姵,4
姶,4
姸,2
姺,3
姻,1
姽,3
姿,1
娀,1
威,1
娂,2
娃,2
娉,1
娌,3
娑,1
娒,2
娒,3
娒,3
娓,3
娘,2
娚,2
娱,2
娜,4
娜,2
娟,1
娠,1
娣,4
娥,2
娩,3
娩,3
娭,1
娯,2
娵,1
娶,3
娸,2
娼,1
婀,1
婀,1
娄,2
婆,2
婉,3
婊,3
婐,3
婕,2
婙,4
婚,1
婞,4
婢,4
姻,1
婤,1
婥,4
妇,4
婧,4
婨,2
婪,2
婬,2
娅,4
婮,1
婷,2
婹,3
婺,4
婼,4
婽,3
婿,4
媁,2
媁,3
媄,3
媅,1
媊,2
妇,4
媏,1
媒,2
媕,1
媖,1
媚,4
媛,2
媛,4
媞,2
媟,4
媠,4
媠,2
媢,4
娲,1
媩,2
媬,3
媮,1
妫,1
㛀,2
媲,4
媳,2
媵,4
媸,1
媺,3
媻,2
媪,3
妈,1
媾,4
愧,4
嫁,4
嫂,3
嫄,2
嫈,1
嫉,2
袅,3
嫌,2
嫏,2
嫐,3
嫑,2
嫕,4
嫖,2
妪,4
嫘,2
嫙,2
嫚,1
嫚,4
嫜,1
嫠,2
嫡,2
嫣,1
嫦,2
嫩,4
嫪,4
嫪,4
嫫,2
嫬,1
嫭,4
嫮,4
嫩,4
妩,3
娴,2
娴,2
嫽,2
婳,4
妫,1
媭,1
嬅,2
娆,2
嬉,1
婵,2
娇,1
嬔,4
嬖,4
嬗,4
嫱,2
嬛,2
嬛,2
嬛,1
袅,3
嫒,4
嬢,2
嬷,2
嬦,2
嫔,2
嬫,2
嬬,1
奶,3
婴,1
嬲,3
嬴,2
嬴,2
婶,3
嬹,4
懒,3
嬿,4
孀,1
娘,2
孄,3
孅,1
娈,2
孏,3
子,3
子,5
孑,2
孓,2
孔,3
孔,3
孕,4
孖,1
字,4
存,2
孚,2
孛,4
孜,1
孝,4
孟,4
孟,4
孢,1
季,4
季,4
孤,1
孥,2
孨,3
孩,2
孙,1
孙,1
孬,1
孭,1
孰,2
孱,4
孱,2
孳,1
孵,1
孶,1
学,2
孺,2
孺,2
𡥧,2
孽,4
孽,4
孪,2
宀,2
㝉,4
冗,3
它,1
宄,3
宅,2
宇,3
守,3
安,1
安,1
宊,1
宊,2
宋,4
完,2
宍,4
宏,2
宓,4
宓,4
宕,4
宗,1
宗,1
官,1
官,1
宙,4
定,4
宛,3
宛,3
宜,2
宜,2
実,2
客,4
宣,1
宣,1
室,4
室,4
宥,4
宦,4
宦,4
宧,2
宨,3
宩,3
宬,2
宫,1
宫,1
宰,3
害,4
宴,4
宵,1
家,1
宸,2
容,2
容,2
寇,4
宿,4
宿,4
宿,3
宿,4
寀,4
寁,3
寂,4
冤,1
寄,4
寅,2
密,4
密,4
寇,4
富,4
富,4
寎,4
寐,4
寝,3
寒,2
寓,4
寔,2
宁,4
寖,4
寗,2
寘,4
寙,3
寛,1
寞,4
察,2
察,2
𪧘,4
寡,3
寝,3
寤,4
寥,2
实,2
宁,2
宁,2
宁,4
寨,4
审,3
寪,3
写,3
宽,1
宽,1
寮,2
寮,2
寰,2
宝,3
宠,3
宝,3
寸,4
寺,4
対,4
封,1
封,1
専,1
尃,1
射,4
克,4
将,1
将,4
将,1
专,1
尉,4
尉,4
尉,4
尊,1
寻,2
尌,4
对,4
导,3
小,3
尐,2
少,3
少,4
尔,3
尓,3
尕,3
尖,1
尗,1
尙,4
尚,4
尚,4
尜,2
鲜,3
鲜,3
尢,1
尤,2
尤,2
尥,4
尨,2
尨,2
尨,2
尩,1
尪,1
尬,4
尭,2
尰,3
就,4
尲,1
尶,1
尴,1
尸,1
尹,3
尹,3
尺,3
尺,3
尻,1
尼,2
尾,3
尾,3
尿,4
尿,1
局,2
屁,4
屄,1
居,1
居,1
居,1
届,4
屇,2
屈,1
屈,1
屋,1
屌,3
尸,1
屎,3
屏,1
屏,3
屏,2
屐,1
屑,4
屃,4
展,3
展,3
屖,1
屘,3
屙,1
屛,2
屉,4
屝,4
屠,2
屠,2
屡,3
屣,3
层,2
履,3
屧,4
屦,4
屩,1
屪,2
屫,1
属,3
属,3
屃,4
屮,4
屯,2
屯,1
山,1
山,1
屴,4
屹,4
屺,3
屼,4
屾,1
岀,1
坂,3
岈,2
岊,2
岌,2
岍,1
岐,2
岐,2
岑,2
岑,2
岒,2
岔,4
岜,1
岝,4
岞,4
冈,1
岢,3
岣,3
岧,2
岨,1
岩,2
岫,4
岬,3
岭,2
岱,4
岳,4
岳,4
岵,4
岷,2
岸,4
岹,2
峀,4
峁,3
峂,2
峇,1
峇,1
峇,4
峋,2
峒,4
峒,2
峓,2
峙,4
峙,4
峚,4
峒,2
峞,2
峠,5
峧,1
峨,2
峨,2
峪,4
峭,4
峰,1
峰,1
峱,2
岘,4
岛,3
峹,2
峻,4
峡,2
峿,2
崀,4
崁,3
崆,1
崇,2
崇,2
崋,2
崌,1
崃,2
崎,2
崏,2
昆,1
昆,1
崒,4
崒,2
崓,4
崔,1
崔,1
崖,2
岗,1
岗,3
仑,2
仑,2
崚,2
崛,2
崞,1
崟,2
崠,1
峥,1
崤,2
崦,1
崧,1
崩,1
岽,1
崮,4
崯,2
崱,2
崳,2
崴,3
崴,1
崶,1
崽,3
崾,3
崿,4
嵂,4
嵄,3
嵇,1
嵊,4
嵋,2
嵌,3
嵌,4
嵎,2
岚,2
岩,2
嵓,2
嵖,2
岁,4
嵙,1
嵛,2
嵞,2
嵡,3
嵩,1
嵩,1
嵫,1
嵬,2
嵯,2
嵴,2
嵺,2
𡶴,3
㟥,1
嵝,3
嶂,4
崭,2
崭,3
崭,2
崭,3
嶅,2
岖,1
嶋,3
嶌,3
嶒,2
嶓,1
嵚,1
嶖,1
崂,2
嶙,2
嶝,4
嶞,4
嶟,1
峤,4
嶡,4
嶡,2
峣,2
峄,4
峃,2
嶪,4
嶫,4
嶭,4
崄,3
嶰,4
嶲,1
岙,4
嶷,2
嵘,2
岭,3
屿,3
岳,4
岳,4
巂,1
巂,1
巃,2
𫶕,1
𫶕,2
巇,1
巉,2
岿,1
巌,2
巍,1
峦,2
巓,1
巅,1
岩,2
岩,2
𪩘,3
巚,3
巛,1
巜,4
川,1
川,1
州,1
巟,1
巠,1
巡,2
巢,2
巢,2
巣,2
巤,4
工,1
左,3
左,3
巧,3
巨,4
巫,1
巫,1
差,1
差,4
差,1
差,1
巯,2
己,3
已,3
巳,4
巴,1
巴,1
卮,1
巷,4
卺,3
巻,3
巽,4
巾,1
巿,2
匝,1
市,4
布,4
帄,1
帆,1
纸,3
希,1
帑,3
帔,4
帕,4
帖,1
帖,3
帖,4
帗,2
帘,2
帙,4
帙,4
帚,3
帛,2
帝,4
帟,4
帡,2
帣,4
帅,4
帅,4
帨,4
师,1
师,1
裙,2
席,2
席,2
帯,4
帰,1
帲,2
帐,4
带,4
帷,2
常,2
常,2
帹,4
帹,4
帺,2
帽,4
帧,1
帏,2
幄,4
幅,2
帮,1
幈,2
幋,2
幌,3
幏,4
徽,1
幔,4
幕,4
帼,2
帻,2
幕,4
帮,1
幛,4
幞,2
帜,4
幠,1
幡,1
幢,2
幢,4
币,4
幦,4
幨,1
幩,2
幪,2
帮,1
帱,2
帱,4
幭,4
幮,2
幯,2
幰,3
干,1
干,1
平,2
平,2
年,2
年,2
幵,1
并,1
幷,4
幸,4
幸,4
干,4
幻,4
幼,4
幽,1
几,1
几,3
广,3
庀,3
庁,1
広,3
庄,1
庅,5
庅,2
庇,4
庈,2
庉,4
床,2
庋,3
序,4
庒,1
底,5
底,3
庖,2
店,4
庚,1
府,3
庠,2
庤,4
庥,1
度,4
度,2
座,4
库,4
庬,2
庭,2
庱,3
庳,4
庴,2
庵,1
庶,4
康,1
康,1
庸,1
庹,3
庶,4
寓,4
庾,3
庿,4
廀,1
厕,4
厕,4
厢,1
廃,4
厩,4
廆,4
厦,4
厦,4
廉,2
廉,2
廊,2
廋,1
廌,4
庼,3
廏,4
厩,4
廑,3
廑,2
廒,2
廓,4
荫,4
廖,4
廙,4
厨,2
廛,2
厮,1
𫷷,1
庙,4
厂,3
庑,2
庑,3
废,4
广,3
广,3
廥,4
廧,2
廨,4
廪,3
庐,2
廱,1
厅,1
廴,3
巡,2
延,2
延,2
廷,2
廸,2
迫,4
建,4
廻,2
乃,3
廾,3
廿,4
弁,4
弄,4
弄,4
弆,3
弇,3
弈,4
弊,4
弋,4
弌,1
弍,4
弎,1
式,4
弐,4
弑,4
弓,1
弓,1
吊,4
引,3
弗,2
弘,2
弛,2
弝,4
弟,4
弟,4
弢,1
弣,3
弤,3
弦,2
弧,2
弨,1
弩,3
弫,3
弭,3
弮,4
弮,1
弰,1
弱,4
弪,4
张,1
张,1
弶,4
强,2
强,4
强,2
强,3
弸,2
弼,4
弾,4
彀,4
𫸩,1
别,4
弹,4
弹,2
彉,1
强,4
强,2
强,3
弥,2
𭚦,1
弯,1
彐,4
彑,4
录,4
彖,4
彗,4
彘,4
汇,4
彛,2
彝,2
彝,2
彟,4
彡,1
形,2
彤,2
彤,2
彦,4
彧,4
彩,3
彪,1
雕,1
彬,1
彭,2
彰,1
影,3
彨,1
彳,4
彴,2
仿,3
彷,2
彸,1
役,4
彼,3
彽,2
佛,2
往,3
征,1
徂,2
往,3
待,1
待,4
徇,4
很,3
徉,2
徊,2
律,4
律,4
后,4
徐,2
徐,2
径,4
徒,2
徒,2
従,2
得,2
得,5
得,3
徘,2
徙,3
徜,2
从,2
从,2
徕,2
御,4
遍,4
徨,2
复,4
循,2
徬,2
徭,2
微,1
微,1
徯,1
徳,2
徴,1
征,1
徵,3
德,2
德,2
彻,4
徻,4
徼,3
徼,4
徽,1
忀,1
忂,2
心,1
忄,1
必,4
忉,1
忌,4
忍,3
忐,3
忑,4
忒,4
忒,1
忕,4
忕,4
忖,3
志,4
忘,4
忙,2
忛,1
応,4
忝,3
忞,2
忞,3
忞,3
忠,1
忡,1
忤,3
忪,1
忪,1
快,4
忬,1
忬,4
忭,4
忮,4
忱,2
忲,4
念,4
忸,3
忺,1
忻,1
忽,1
忽,1
忿,4
怊,1
怍,4
怎,3
怏,4
怒,4
怔,1
怔,4
怕,4
怕,4
怖,4
怗,1
怙,4
怚,4
怛,2
思,1
怞,4
怠,4
怡,2
急,2
怦,1
性,4
怨,4
怩,2
怪,4
怫,4
怫,2
怭,4
怯,4
匆,1
怲,3
恍,3
怵,4
怸,1
怹,1
恁,4
恁,2
恂,2
恃,4
恒,2
恒,2
恇,1
恉,3
恌,1
恍,3
恏,4
恐,3
恒,2
恓,1
恔,4
恕,4
恘,1
恙,4
恚,4
恛,2
恝,2
恞,2
恟,1
怪,4
吝,4
恢,1
恣,4
恤,4
耻,3
恧,4
恨,4
恩,1
恪,4
恪,4
恫,4
恬,2
恭,1
息,1
恰,4
恵,4
恿,3
悀,3
悁,1
悁,4
悃,3
悄,1
悄,3
悦,4
悆,4
悉,1
悊,2
悌,4
悍,4
悐,4
悑,4
悒,4
悔,3
悕,1
悖,4
悚,3
悛,1
悜,3
悝,1
悝,3
悮,4
悟,4
悠,1
悢,4
患,4
匆,1
悧,4
您,2
悩,3
悪,4
悰,2
悱,3
悲,1
德,2
悴,4
怅,4
闷,1
闷,4
悷,4
悸,4
悻,4
悼,4
凄,1
悾,1
惄,4
情,2
惆,2
惇,1
惈,3
惋,3
惌,1
惎,4
婪,2
惏,2
惑,4
惒,2
惓,2
惔,2
惕,4
惘,3
惙,4
惚,1
惛,1
惜,1
惝,3
惟,2
惠,4
惠,4
恶,3
恶,4
恶,4
恿,3
惦,4
德,2
惰,4
恼,3
恽,4
想,3
惴,4
惶,2
蠢,3
惸,2
惹,3
惺,1
恻,4
愀,3
愁,2
愃,1
愆,1
愈,4
愉,2
愊,4
愍,3
愎,4
意,4
意,4
愐,3
愑,3
愒,4
愓,4
愔,1
愕,4
恪,4
愚,2
爱,4
惬,4
感,3
愣,4
愧,4
悫,4
愫,4
诉,4
愭,2
愮,2
愯,3
怆,4
恺,3
愼,4
博,2
忾,4
愿,4
慁,4
恿,3
栗,4
慅,1
慆,1
慇,1
慈,2
慉,4
慊,4
慊,4
态,4
慌,1
愠,4
慎,4
慕,4
惨,3
惭,2
惭,2
慜,3
慝,4
恸,4
慢,4
惯,4
悫,4
慥,4
慧,4
慨,3
怄,4
怂,2
怂,3
慬,2
虑,4
慰,4
慱,2
悭,1
慑,4
慵,1
庆,4
慷,1
戚,1
戚,1
欲,4
慿,2
憀,2
忧,1
憃,1
憩,4
惫,4
憋,1
憍,1
憎,1
怜,2
凭,2
愦,4
憔,2
慭,4
憙,3
惮,4
憝,4
愤,4
憧,1
憨,1
憩,4
憪,2
悯,3
憬,3
憭,3
怃,3
憯,3
宪,4
忆,4
憷,4
憸,1
𢙐,2
憺,4
憾,4
懂,3
勤,2
懅,2
懆,3
恳,3
懈,4
应,1
应,1
应,4
懊,4
懋,4
怿,4
懔,3
懐,2
蒙,2
怼,3
怼,4
懠,2
懑,4
㤽,2
懥,4
懦,4
恹,1
懫,2
懮,3
懰,2
懱,4
惩,2
懵,3
懒,3
怀,2
怀,2
悬,2
忏,4
惧,4
欢,1
慑,4
懿,4
恋,4
戁,3
戄,2
戆,4
戆,4
戈,1
戈,1
戉,4
戊,4
戌,5
戌,1
戍,4
戎,2
戎,2
成,2
成,2
我,3
戒,4
戋,1
戕,1
或,4
戚,1
戚,1
戛,2
戝,2
戛,2
戟,3
戠,2
戡,1
戢,2
戢,2
戣,2
戤,4
戥,3
戦,4
戗,1
戬,3
截,2
戭,3
戮,4
戏,4
战,4
戱,4
戏,4
戳,1
戴,4
戴,4
户,4
戸,4
厄,4
戺,4
戻,4
卯,3
戽,4
戾,4
房,2
房,2
所,3
扁,1
扁,3
扁,1
扂,4
扃,1
扆,3
扆,3
扇,1
扇,4
扈,4
扈,4
扉,1
扊,3
手,3
扌,3
才,2
扎,1
扎,2
扐,4
扒,1
扒,2
打,2
打,3
扔,1
払,3
払,2
扗,4
托,1
扛,1
扛,2
捍,4
扠,1
扡,3
扢,3
扢,4
扣,4
扤,4
扦,1
扭,3
扮,4
扯,3
扱,1
扳,1
扳,1
扶,2
批,1
扻,4
扼,4
扽,4
找,3
承,2
承,2
技,4
抃,4
抄,1
抆,4
抈,4
抉,2
把,3
把,4
抌,3
抏,2
抑,4
抒,1
抓,1
抔,2
投,2
抖,3
抗,4
折,2
折,1
折,2
抜,2
拗,4
択,2
抦,3
抨,1
披,1
抬,2
抱,4
抴,4
抵,3
抶,4
抹,1
抹,3
抹,4
抻,1
押,1
抽,1
抿,3
拂,4
拂,2
拃,3
拄,3
拆,1
拇,3
拈,1
拉,1
拉,4
拊,3
抛,1
拌,4
拍,1
拎,1
拿,2
拐,3
拑,2
拒,4
拓,4
拓,4
拓,4
拔,2
拖,1
拖,1
拗,3
拗,4
拗,4
拘,1
拙,1
拚,4
拚,1
招,1
拜,4
拝,4
拠,4
拡,4
拤,2
拪,1
拫,2
括,4
拭,4
拮,2
拯,3
拱,3
拳,2
拴,1
拶,1
拶,3
拷,3
拼,1
拽,4
拽,1
拽,3
拽,4
拾,4
拾,2
拿,2
持,2
指,3
挈,4
按,4
挊,4
挌,2
挍,4
挎,4
挐,2
挑,1
挑,3
挓,1
挔,3
挖,1
挙,3
挨,1
挨,2
挪,2
挫,4
振,4
挲,1
挲,1
弄,4
挶,2
挹,4
挺,3
挼,2
挽,3
挟,1
挟,2
挿,1
捂,3
捃,4
救,4
捅,3
捆,3
捉,1
捋,3
捋,1
捌,1
捍,4
捎,1
捏,1
捐,1
捓,2
捕,3
捗,4
捘,4
捙,4
捜,1
捥,4
捧,3
舍,3
捩,4
扪,2
捭,3
捭,4
据,1
据,4
捯,2
捱,2
卷,3
捶,2
捷,2
捷,2
捺,4
捻,3
捼,2
捽,2
掀,1
掂,1
扫,3
扫,4
抡,1
抡,2
掇,1
授,4
掉,4
掊,2
掊,3
掌,3
掍,4
掎,3
掏,1
掐,1
排,2
掔,1
掖,1
掖,4
挜,4
掘,2
挣,1
挣,4
挂,4
掞,4
掟,3
掠,4
采,3
探,4
掣,4
掤,1
掤,2
接,1
控,4
推,1
掩,3
措,4
掫,1
掬,1
掭,4
掮,2
掯,4
掰,1
掱,2
掱,3
掲,1
碰,4
掾,4
拣,3
揃,1
揄,2
揅,2
揆,2
揉,2
揌,1
揍,4
揎,1
描,2
提,1
提,2
捏,1
插,1
揓,4
揕,4
揖,1
揗,3
揘,2
扬,2
扬,2
换,4
揜,3
揝,4
揞,3
揠,4
握,4
揣,1
揣,3
揥,4
揦,4
揩,1
揪,1
揫,1
揭,1
揭,1
挥,1
揰,4
揲,2
揳,1
援,2
揵,2
揶,2
插,1
揸,1
背,1
揺,2
揻,1
构,4
揿,4
搉,4
搊,1
搋,1
搌,3
损,3
搎,1
搏,2
搐,4
搓,1
搔,1
搕,4
摇,2
摇,2
捣,3
搘,1
搛,1
搜,1
搞,3
搠,4
搡,3
搢,4
搣,4
扼,4
捶,2
搦,4
搧,1
搨,4
搪,2
搬,1
搭,1
掏,1
搰,2
搲,1
搲,3
搲,4
搳,2
搴,1
揾,3
揾,4
抢,1
抢,3
搷,1
搽,2
榨,4
搿,2
摀,3
摁,4
摂,4
扛,1
摎,1
摏,1
掴,1
摒,4
摓,2
摔,1
摘,1
摙,3
摛,1
掼,4
摞,4
搂,1
搂,3
摠,3
摦,4
摧,1
摩,2
摭,2
摮,2
挚,4
挚,4
摰,4
摲,4
抠,1
摴,1
抟,2
摷,3
摸,1
摸,2
摹,2
折,2
摺,2
掺,1
掺,3
摽,1
摽,4
摿,2
撂,4
撃,1
撅,1
撆,1
撇,1
撇,3
捞,1
撊,4
撋,2
挦,2
撑,1
撒,1
撒,3
挠,2
撕,1
撖,4
撙,3
撚,3
㧑,1
撞,4
挢,3
操,1
撢,3
掸,3
撤,4
拨,1
扯,3
撧,1
撩,1
撩,2
抚,3
撬,4
播,1
撮,1
撮,3
撰,4
撱,3
扑,1
揿,4
挞,4
撼,4
撽,4
挝,1
挝,1
捡,3
擀,3
拥,1
擂,2
擂,4
掳,3
擅,4
择,2
擉,4
击,1
挡,3
挡,4
操,1
操,4
擎,2
擐,4
擒,2
㧟,3
担,1
担,4
携,2
擖,3
擗,3
擘,4
据,4
挤,3
抬,2
擢,2
擣,3
擤,3
擥,3
擦,1
举,3
擨,2
擩,3
𢬍,4
拟,3
擭,4
摈,4
拧,2
拧,3
拧,4
搁,1
搁,2
掷,4
扩,4
撷,2
擸,4
摆,3
擞,3
擞,4
撸,1
㧰,4
扰,3
擿,1
擿,4
攀,1
攂,2
攃,4
摅,1
撵,3
攈,4
攉,1
攋,4
拢,3
攐,1
攓,1
拦,2
撄,1
攘,3
搀,1
撺,1
携,2
摄,4
攟,4
攒,2
攒,3
挛,2
摊,1
攥,4
攧,1
挡,3
搅,3
攫,2
揽,3
攮,3
支,1
支,1
攰,4
攲,1
攴,1
攵,1
收,1
考,3
攸,1
改,3
攺,3
攻,1
攼,4
攽,1
放,4
政,4
敁,1
叩,4
敃,3
故,4
敇,4
效,4
敉,3
叙,4
敎,4
敏,3
救,4
敚,2
敔,3
敕,4
敖,2
敖,2
败,4
叙,4
叙,4
教,4
教,1
教,4
敜,4
敝,4
敞,3
敢,3
散,3
散,4
敦,1
敧,3
敪,2
敫,3
敫,3
敬,4
扬,2
敳,2
敲,1
整,3
敌,2
敷,1
数,3
数,4
数,4
敹,2
驱,1
敻,4
敽,3
敿,3
斁,4
敛,3
敛,4
毙,4
斄,2
文,2
文,2
斈,2
斉,2
斌,1
斎,1
斐,3
斑,1
斒,1
斔,3
斓,2
斗,3
斗,3
料,4
斚,3
斛,2
斜,2
斝,3
斞,3
斟,1
斠,4
斡,4
斢,3
斢,3
斤,1
斥,4
斧,3
斨,1
斫,2
斩,3
斮,2
斯,1
斯,1
新,1
新,1
斫,2
斫,2
断,4
斸,3
方,1
方,1
于,2
於,1
於,1
施,1
施,1
斾,4
斿,2
旀,5
旁,2
旗,2
旃,1
旄,2
旄,4
旅,3
旆,4
旊,3
旋,2
旋,4
旌,1
旎,3
族,2
旐,4
旒,2
旓,1
旖,3
旗,2
旛,1
旝,4
旟,2
旡,4
既,4
旣,4
祸,4
日,4
日,4
旦,4
旨,3
早,3
旪,2
旬,2
旭,4
旮,1
旯,2
旰,4
旱,4
旴,1
旵,3
时,2
旺,4
旻,2
旼,2
旽,1
春,1
昀,2
昂,2
昃,4
昄,3
昆,1
升,1
昇,1
昉,3
昊,4
昊,4
昌,1
昌,1
明,2
明,2
昏,1
昑,3
昒,1
易,4
易,4
昔,1
昔,1
昕,1
慎,4
昜,2
昝,3
昞,3
星,1
映,4
昡,4
昣,3
昤,1
春,1
春,1
昦,4
昧,4
昨,2
昪,4
昫,4
昏,1
昭,1
是,4
是,4
昱,4
昳,2
昴,3
昵,4
昶,3
昺,3
昻,2
晁,2
时,2
时,2
晃,3
晃,4
晄,3
晅,1
晋,4
晋,4
晌,3
晏,4
晏,4
晑,3
晒,4
晗,2
晙,4
晚,3
𬀪,4
晜,1
昼,4
晞,1
晟,2
晟,4
晡,1
晢,2
晤,4
晥,3
晦,4
晨,2
晩,3
晪,3
晫,2
晬,4
普,3
景,3
景,3
晰,1
晳,1
晴,2
晶,1
晷,3
智,4
暗,4
晾,4
晿,1
暁,3
暄,1
暆,2
暇,2
晕,1
晕,4
晖,1
暋,2
暋,3
暌,2
暍,4
映,4
𬀩,3
暑,3
暒,2
暔,2
暕,3
暖,3
暗,4
旸,2
暜,3
暝,2
暞,3
暠,3
皓,4
暡,3
畅,4
暦,4
暨,4
暪,4
暂,4
暮,4
昵,4
暲,1
暴,4
暴,4
暵,4
暶,2
暸,2
暹,1
暻,3
暾,1
曀,4
晔,4
历,4
昙,2
曈,2
晓,3
曌,4
向,4
曐,1
曑,1
曒,3
曓,4
暧,4
曘,2
曙,3
曚,2
曛,1
曜,4
曝,4
曝,4
旷,4
叠,2
曦,1
昽,2
曩,3
晒,4
曰,1
曱,1
曲,1
曲,1
曲,3
曳,4
更,1
更,4
曷,2
书,1
书,1
曹,2
曹,2
曻,1
曼,4
曽,2
曾,1
曾,2
曾,1
替,4
最,4
朁,3
会,4
会,4
朅,4
朆,1
月,4
有,3
朊,3
朋,2
服,2
服,4
朏,3
朐,2
朓,3
朔,4
朕,4
朗,3
朘,1
朙,2
望,4
朝,2
朝,2
朝,1
期,1
期,1
朠,1
望,4
朣,2
朦,2
胧,2
木,4
木,4
朩,5
未,4
末,4
本,3
札,2
朮,4
朮,2
朰,5
朱,1
朱,1
朳,1
朴,2
朴,1
朴,4
朵,3
朵,3
朽,3
朾,2
朿,4
杅,2
杆,1
杇,1
杈,1
杈,4
杉,1
杌,4
李,3
李,3
杏,4
材,2
村,1
杓,1
杓,2
杕,4
杖,4
杗,2
杙,4
杜,4
杜,4
杝,2
杞,3
杞,3
束,4
束,4
杠,1
杠,4
杧,2
杪,3
杭,2
杯,1
杰,2
东,1
东,1
杲,3
杳,3
杴,1
杵,3
杶,1
杷,4
杷,2
杸,1
杻,3
杻,3
杼,4
杽,3
松,1
松,1
板,3
枇,2
枉,3
枊,4
枋,1
枌,2
楠,2
析,1
枒,2
枓,3
枕,3
林,2
林,2
枘,4
枙,4
枚,2
枚,2
果,3
枝,1
枟,4
枯,1
枰,2
枱,2
枲,3
枳,3
拐,3
枵,1
架,4
枷,1
枸,1
枸,3
枸,3
枹,1
枻,4
柁,2
柂,2
柃,2
柄,3
柅,3
柈,2
柊,1
柎,1
柏,3
柏,3
柏,2
柏,4
某,3
柑,1
柒,1
染,3
柔,2
柘,4
柙,2
柚,4
柜,4
柜,3
柝,4
柞,4
柞,4
楠,2
柢,3
柣,2
柤,1
查,1
查,2
查,1
柦,4
柩,4
柬,3
柬,3
柮,4
柯,1
柯,1
柰,4
柱,4
柲,4
柳,3
柳,3
柴,2
柴,2
栅,4
柶,4
柷,4
柸,1
柿,4
拐,3
査,2
柿,4
柳,3
栃,4
栄,2
栐,3
栒,2
栓,1
栔,4
栗,4
栗,4
栘,2
栝,1
刊,1
栟,1
校,4
校,4
柏,3
栩,3
株,1
栫,4
栭,2
筏,2
栱,3
栲,3
栳,3
栴,1
栵,4
核,2
根,1
栻,4
格,2
栽,1
桀,2
桁,2
桁,2
桂,4
桂,4
桃,2
桄,1
桄,4
桅,2
框,4
案,4
桉,1
桋,2
桌,1
桎,4
桐,2
桑,1
桑,1
桑,1
桓,2
桓,2
桔,2
桔,2
桕,4
桚,3
桜,1
桟,4
桫,1
桭,1
杯,1
桯,1
桲,2
桲,5
桴,2
桶,3
桷,2
桹,2
柳,3
杆,3
梁,2
梁,2
梃,3
梅,2
梅,2
梆,1
梊,4
梍,4
梏,4
梐,4
梓,3
栀,1
梗,3
枧,3
𬂩,1
条,2
枭,1
梠,3
梡,3
梢,1
梣,2
梥,1
梧,2
梨,2
梩,2
梭,1
梯,1
械,4
梱,3
梲,2
梳,1
梴,1
梵,4
梸,2
梹,1
棁,1
棃,2
弃,4
棉,2
棋,2
棋,2
棍,4
棐,3
棑,2
棒,4
棕,1
枨,2
枣,3
棘,2
棚,2
棜,4
栋,4
棠,2
棣,4
棤,4
栈,4
棨,3
棩,1
棪,3
棫,4
棬,1
森,1
森,1
棯,3
棰,2
棱,1
棱,2
栖,1
栖,1
棳,2
棵,1
梾,2
棸,1
棹,1
棺,1
棻,1
棼,2
碗,3
椄,1
椅,3
椆,2
椈,2
乘,2
椊,2
椋,2
椌,1
植,2
椎,2
椎,1
桠,1
椐,1
椑,1
椒,1
椓,2
碇,4
検,3
椝,1
椥,1
椪,4
椰,1
椳,1
椴,4
椵,3
棕,1
缄,1
椸,2
椹,4
椽,2
笺,1
椿,1
楀,3
楂,2
楂,1
匾,2
楅,4
杨,2
杨,2
楋,4
楍,3
楎,2
枫,1
楔,1
楗,4
楘,4
楙,4
楚,3
楚,3
楛,4
楛,3
楝,4
楞,2
楞,4
楟,2
楠,2
楢,2
楣,2
楦,4
楦,4
桢,1
楩,2
楪,2
楫,2
楬,2
业,4
业,4
楮,3
楯,3
楰,2
梅,2
极,2
楷,1
楷,3
楸,1
楹,2
楻,2
楽,4
楽,4
榀,3
概,4
榃,2
榆,2
榊,2
榎,3
榔,2
榕,2
榕,2
榖,3
矩,3
榛,1
搒,4
搒,4
榜,3
榠,2
榡,4
榤,2
榥,3
榦,4
榧,3
榨,4
杩,4
榫,3
榭,4
荣,2
荣,2
榰,1
榱,1
榅,1
榴,2
榷,4
榻,4
榼,4
榾,3
桤,1
槁,3
槁,3
槃,2
槊,4
构,4
槌,2
枪,1
枪,1
槎,2
槐,2
梅,2
槑,1
杠,4
槔,1
桌,1
槖,2
様,4
槜,4
槢,2
梿,2
槥,4
椠,4
椁,3
概,4
槪,4
槭,4
椮,1
槱,3
槲,2
桨,3
槵,4
槹,1
槺,1
槻,1
规,1
槽,2
槾,2
槿,3
桩,1
乐,4
乐,4
乐,4
乐,4
乐,4
枞,1
枞,1
樆,1
樆,2
樊,2
樊,2
樎,4
樏,2
樏,3
橹,3
梁,2
楼,2
楼,2
樕,4
樗,1
樘,3
樘,2
标,1
樛,1
樛,1
枢,1
樟,1
樠,2
模,2
模,2
样,4
樧,1
樨,1
権,2
樲,4
樴,2
樵,2
樶,1
朴,3
树,4
桦,4
樻,4
樽,1
樾,4
椫,3
橁,2
橃,2
橄,3
橆,2
橇,1
桡,2
橊,2
桥,2
橎,3
橐,2
橕,1
橘,2
橙,2
橚,4
橛,2
橛,2
机,1
机,1
橡,4
椭,3
蕊,3
橧,1
横,2
横,4
橾,1
橾,1
橿,1
檀,2
檀,2
檩,3
檃,3
檄,2
檇,4
柽,1
檊,4
檍,4
檎,2
檐,2
檑,2
档,3
档,4
檖,4
檗,4
桧,4
桧,4
楫,2
槚,3
檠,2
检,3
樯,2
檥,3
檨,1
檪,4
檫,2
檬,2
梼,2
台,2
槟,1
檴,4
檵,4
檵,3
柠,2
槛,4
槛,3
棹,4
柜,4
櫆,2
凳,4
櫌,1
橹,3
榈,2
栉,4
櫜,1
椟,2
橼,2
栎,4
櫠,4
櫡,4
橱,2
槠,1
栌,2
枥,4
橥,1
榇,4
蘖,4
栊,2
榉,3
櫹,1
棂,2
樱,1
櫽,3
欀,1
欂,2
欃,2
栏,2
权,2
权,2
欎,4
椤,2
欐,4
欑,4
栾,2
栾,2
榄,3
欙,2
欛,4
郁,4
棂,2
欠,4
次,4
欣,1
欨,1
欬,4
欱,1
欲,4
欵,3
欶,4
欷,1
欸,1
欸,3
欸,1
欸,2
欸,3
欸,4
欹,1
欺,1
欻,1
欻,1
欼,3
钦,1
钦,1
款,3
欿,3
歁,3
歃,4
歆,1
歇,1
歈,2
歉,4
歊,1
歌,1
叹,4
欧,1
欧,1
歓,1
歔,1
歕,1
歗,4
歘,1
歙,4
歛,1
歛,3
歜,4
欤,2
歠,4
欢,1
止,3
正,1
正,4
此,3
步,4
步,4
武,3
武,3
歧,2
歨,4
歩,4
歪,1
歪,3
歫,4
歮,4
歯,3
歰,4
岁,4
歳,4
历,4
历,4
归,1
归,1
歹,3
歺,1
歺,3
死,3
歾,4
殁,4
夭,1
殂,2
殃,1
殄,3
殆,4
殈,4
殉,4
殊,1
殍,3
殑,2
殖,2
殗,4
残,2
殙,1
殛,2
殜,2
殒,3
殠,4
𣨼,4
殣,4
殇,1
殥,2
㱮,4
殪,4
殚,1
僵,1
殓,4
殡,4
㱩,2
歼,1
殳,1
殳,1
段,4
段,4
殷,1
殷,1
殷,1
殷,3
殸,4
殹,4
杀,1
壳,4
壳,2
壳,4
淆,2
肴,2
殿,4
毁,3
毅,4
殴,1
殴,1
毈,4
毉,1
毋,2
毋,2
毌,4
母,3
毎,3
每,3
毐,3
毑,3
毒,2
毓,4
比,3
比,1
比,3
毖,4
毗,2
毗,2
毚,2
毛,2
毛,2
毧,2
毪,2
毫,2
毬,2
毯,3
毳,4
毴,1
毷,4
毹,1
毽,4
毾,4
毵,1
牦,2
氄,3
氅,3
氆,3
毡,1
氉,4
毡,1
氇,3
氍,2
氏,4
氏,1
氐,1
氐,3
民,2
民,2
氓,2
氓,2
氕,1
氖,3
気,4
氘,1
氙,1
氚,1
氛,1
氜,4
氜,2
氝,4
氟,2
氠,1
氡,1
气,4
氤,1
氥,1
氦,4
氧,3
氨,1
氪,4
氢,1
氩,4
氮,4
氯,4
氰,2
氲,1
水,3
水,3
氵,3
冰,1
永,3
氹,4
氺,3
氼,4
氽,3
泛,4
氿,3
汀,1
汁,1
求,2
汅,3
汆,1
汈,1
汊,4
汋,2
汍,2
泛,4
汏,4
汐,1
汔,4
汕,4
汗,2
汗,4
污,1
污,1
汛,4
汜,4
汝,3
汞,3
江,1
江,1
池,2
池,2
污,1
汧,1
汧,1
汨,4
汩,3
汪,1
汪,1
汫,3
汭,4
汰,4
汲,2
汲,2
汳,4
汴,4
汶,4
汷,1
决,2
汽,4
汾,2
沁,4
沂,2
沃,4
沄,2
沅,2
沆,4
沇,3
沇,3
沈,3
沈,2
沉,2
沌,4
沍,4
沏,1
沐,4
没,2
没,4
沓,4
沓,2
沓,4
沔,3
沕,4
冲,1
沘,3
沙,1
沙,1
沚,3
沛,4
沢,2
沫,4
沬,4
沭,4
沮,3
沰,1
沱,2
河,2
沴,4
沷,1
沸,4
油,2
沺,2
治,4
沼,3
沽,1
沽,1
沾,1
沿,2
况,4
泂,3
泃,1
泄,4
泅,2
泆,4
泇,1
泈,1
泉,2
泊,2
泊,1
泌,4
泌,4
泐,4
泑,3
泒,1
泓,2
泔,1
法,3
法,3
泖,3
泗,4
泗,4
泙,2
泚,3
泛,4
泜,1
泝,4
泠,2
泠,2
泡,1
泡,4
波,1
波,1
泣,4
泥,2
泥,4
注,4
泩,1
泫,4
泭,1
泮,4
泯,3
泰,4
泰,4
泱,1
泲,3
泳,3
泵,4
洄,2
洇,1
洇,1
洊,4
洋,2
洌,4
洎,4
洏,2
洑,2
洗,3
洙,1
洙,1
洚,4
洛,4
洛,4
洞,4
洟,4
洢,1
洣,3
津,1
津,1
洧,3
洨,2
洨,2
泄,4
洪,2
洪,2
洫,4
洭,1
洮,2
洱,3
洲,1
洳,4
洴,2
洵,2
汹,1
洸,1
洹,2
洺,2
活,2
洼,1
洽,4
派,1
派,4
洿,1
流,2
浄,4
浙,4
浚,4
浜,1
浜,1
浞,2
浠,1
浡,2
浣,4
浤,2
浥,4
浦,3
浦,3
浩,4
浪,4
浬,3
浭,1
浮,2
浯,2
浰,4
浲,2
浴,4
海,3
海,3
浸,4
浃,1
浼,3
浽,1
涂,2
涂,2
涄,1
涅,4
泾,1
消,1
涉,4
涊,3
涌,1
涌,3
涎,2
涐,2
涑,4
涒,1
涓,1
涓,1
涔,2
涕,4
莅,4
莅,4
涘,4
涙,4
涪,2
涫,4
涬,4
涮,4
涯,2
液,4
涴,4
涵,2
涶,4
涷,1
涸,2
凉,2
凉,2
凉,4
涿,1
淀,4
淂,2
淄,1
淅,1
淆,2
淇,2
淊,1
淋,2
淋,4
淌,3
淏,4
淑,1
凄,1
淓,1
淖,4
淖,4
淘,2
淙,2
泪,4
浙,4
淜,2
淝,2
淞,1
淞,1
淟,3
淠,4
淡,4
淢,4
淤,1
渌,4
淦,4
净,4
淩,2
沦,2
淫,2
淬,4
淮,2
淯,4
淰,3
深,1
淳,2
渊,1
涞,2
混,2
混,4
淸,1
淹,1
浅,1
浅,3
添,1
淼,3
清,1
清,1
渇,3
済,4
渉,4
渋,4
渓,1
渕,1
渖,3
涣,4
渚,3
减,3
渝,2
渟,2
渠,2
渠,4
渠,2
渡,4
沨,1
渣,1
渤,2
渥,4
涡,1
涡,1
渧,4
渨,1
渫,4
渫,4
测,4
渭,4
渮,1
港,3
港,3
渰,3
渲,4
渴,3
渶,1
游,2
游,2
渺,3
渼,3
浑,2
湃,4
湄,2
湅,4
湉,2
凑,4
𣲗,2
湌,1
湍,1
湎,3
湑,3
湓,2
湔,1
湖,2
湘,1
湛,4
湛,4
湜,2
湝,1
浈,1
湟,2
湢,4
湣,3
涌,3
湩,4
湫,3
湮,1
湮,1
汤,1
汤,1
汤,1
湱,4
湲,2
湳,3
湳,3
湴,4
湴,2
淳,2
涅,4
満,3
沩,1
溉,4
溍,4
溎,4
溏,2
源,2
准,3
溘,4
溛,1
溜,1
溜,4
沟,1
溟,2
溠,4
溢,4
溤,3
溥,3
溥,3
溦,1
溧,4
溪,1
温,1
温,1
浉,1
溯,4
溱,1
溲,1
涢,2
溴,4
溵,1
溶,2
溷,4
溺,4
溺,4
溻,1
湿,1
溽,4
溾,1
滁,2
滂,1
滃,3
沧,1
灭,4
滇,1
滉,3
滊,4
滊,1
滋,1
涤,2
滍,4
荥,2
荥,2
滏,3
滑,2
滑,2
滓,3
滔,1
滕,2
滘,4
汇,4
淫,2
滝,2
滧,2
滫,3
沪,4
滮,1
滞,4
渗,4
滴,1
卤,3
浒,3
滹,1
浐,3
滚,3
满,3
满,3
渔,2
漂,1
漂,3
漂,4
漄,2
漆,1
漈,4
漉,4
溇,2
溇,3
漎,2
漏,4
漓,2
演,3
漕,2
漖,4
漘,2
漙,2
沤,1
沤,4
漜,3
漠,4
漡,1
汉,4
汉,4
涟,2
漤,3
漥,1
漦,2
漨,2
漩,2
漪,1
漫,4
渍,4
漭,3
漯,4
漰,1
漱,4
涨,3
涨,4
漳,1
溆,4
漶,4
漷,4
渐,1
渐,4
漹,1
漼,3
漾,4
浆,1
浆,4
潀,2
颍,3
颍,3
潃,3
漱,4
潎,4
潏,2
泼,1
洁,2
𣲘,3
潗,2
潘,1
㴋,1
潜,2
潝,1
潞,4
潟,4
潠,4
潢,2
润,4
潦,3
潦,2
潭,2
潭,2
潮,2
浔,2
溃,4
溃,4
潲,4
潵,3
潵,3
潵,4
滗,4
潸,1
潺,2
潼,2
潽,1
潾,2
涠,2
涩,4
涩,4
澄,2
澃,3
澄,2
澄,2
澄,4
浇,1
涝,4
澈,4
澉,3
澌,1
澍,4
澎,2
澐,2
澒,4
澔,4
涧,4
澙,4
澟,3
渑,2
澡,3
浣,4
泽,2
澥,4
滪,4
澧,3
澨,4
𬇕,4
澬,1
浍,4
澰,4
淀,4
澳,4
澳,4
澴,2
澶,2
澹,2
澹,4
澼,4
澽,4
激,1
浊,2
濂,2
浓,2
𣸣,2
濇,4
濈,2
濉,1
濊,4
濋,3
濍,1
濔,3
湿,1
泞,4
𣸨,2
溁,2
蒙,2
浕,4
濞,4
济,3
济,3
济,4
濠,2
濡,2
涛,1
濩,4
滥,4
浚,4
濮,2
濯,4
濯,2
潍,2
滨,1
濲,3
阔,4
溅,4
泺,4
滤,4
濿,4
瀁,4
澛,3
滢,2
渎,2
泻,4
沈,3
沈,3
瀌,1
瀍,2
浏,2
瀑,4
瀑,4
瀒,4
瀔,3
濒,1
泸,2
瀚,4
瀛,2
沥,4
瀞,4
潇,1
潆,2
瀡,3
瀣,4
潴,1
泷,1
泷,2
濑,4
瀬,4
弥,2
瀱,4
潋,4
瀳,4
瀵,4
瀹,4
瀺,2
瀼,2
澜,2
沣,1
滠,4
灈,2
灉,1
法,3
灌,4
洒,3
灒,4
漓,2
漓,2
灖,3
滩,1
灏,4
灞,4
灠,3
灠,4
灢,3
湾,1
滦,2
灥,2
赣,4
滟,4
灪,4
火,3
火,3
灬,3
灮,1
灰,1
灴,2
灶,4
灸,3
灺,4
灼,2
灾,1
炁,4
炅,4
炅,3
炆,2
炊,1
炌,4
炎,2
炏,2
炒,3
炔,4
炔,1
炕,4
炗,1
炘,1
炙,4
炟,2
炣,3
炤,4
照,4
炫,4
炬,4
炭,4
炮,1
炮,2
炮,4
炯,3
炰,2
炱,2
炲,2
炳,3
炴,3
炷,4
炸,2
炸,4
为,2
为,4
炻,2
炾,3
烀,1
烈,4
烉,4
烊,2
烋,1
乌,1
乌,1
烓,1
烔,2
烕,4
灾,1
烗,4
烘,1
烙,4
烙,4
烜,3
烝,1
烤,3
烯,1
炯,3
烳,3
烃,1
烶,3
烷,2
烹,1
烺,3
烽,1
焃,4
焄,1
焆,1
焈,1
焉,1
焊,4
焌,4
焌,1
焐,4
焓,2
焔,4
焗,2
焙,4
焚,2
焜,1
焞,1
焟,1
焠,4
无,2
无,2
焢,1
焢,4
焦,1
焦,1
焮,4
焯,1
焰,4
焱,4
焴,4
然,2
焼,1
焿,1
煁,2
煃,3
煅,4
煆,1
煆,1
煇,1
炼,4
煊,1
煋,1
煌,2
煍,3
煎,1
煏,4
煐,1
煮,3
炜,3
煓,1
煕,1
暖,3
暖,3
烟,1
煚,3
煜,4
煝,4
煞,1
煞,4
煟,4
煠,4
茕,2
煤,2
焕,4
煦,4
照,4
煨,1
烦,2
炀,2
煮,3
煰,4
煲,1
煳,2
煸,1
煺,4
煻,2
煽,1
熀,3
熁,2
熄,1
煴,4
熇,3
熙,1
𤈶,2
熊,2
熊,2
熏,1
荧,2
熔,2
炝,4
熘,1
熙,1
熛,1
熜,1
熜,3
熟,2
熠,4
熤,4
熥,1
熨,4
熨,4
熬,1
熬,2
熯,4
𬉼,1
𬉼,3
热,4
颎,3
熳,4
熴,1
熵,1
熸,1
熹,1
炽,4
熿,2
𬊤,3
烨,4
燂,2
燃,2
焰,4
燇,4
灯,1
炖,4
燊,1
燋,1
燎,2
燎,3
燏,4
磷,2
烧,1
燔,2
燕,1
燕,4
𬊈,2
燗,4
烫,4
燚,4
焖,4
营,2
燠,4
燡,4
燥,4
灿,4
燧,4
燨,1
毁,3
烛,2
燮,4
燮,4
燰,1
烩,4
㶶,2
燹,3
熏,1
烬,4
燽,2
焘,4
焘,1
燿,4
爆,4
爇,4
爇,4
爊,1
爌,3
爌,4
爌,3
爌,4
烁,4
炉,2
爓,4
爔,1
燮,4
烨,4
爚,4
烂,4
爝,2
爟,4
爤,4
爥,2
爨,4
爨,4
爪,3
爪,3
爫,3
爬,2
争,1
爯,4
爯,1
爰,2
爰,2
为,2
为,4
爵,2
父,4
爸,4
爹,1
爷,2
爻,2
爽,3
尔,3
丬,2
爿,2
床,2
牁,1
牂,1
牄,1
墙,2
片,1
片,4
版,3
笺,1
牌,2
窗,1
牏,2
闸,2
牒,2
榜,3
窗,1
牖,3
牍,2
牙,2
牚,1
牛,2
牛,2
牝,4
牟,2
牟,4
牟,2
它,1
牡,3
牢,2
牣,4
牤,1
牧,4
牧,4
物,4
牮,4
牯,3
牲,1
牳,3
牴,3
牷,2
牸,4
特,4
牻,2
牼,1
牵,1
牾,3
牿,4
犀,1
犁,2
犂,2
犄,1
犆,4
奔,1
奔,4
犇,1
犉,2
犋,4
犍,1
犎,1
犏,1
犒,4
荦,4
犗,4
犛,2
犟,4
犠,1
犊,2
牺,1
犨,1
犩,2
犪,2
犫,1
犬,3
犭,3
犮,2
犮,3
犯,4
犰,2
犴,4
犵,4
犺,4
犼,3
状,4
狁,3
狂,2
狃,3
狄,2
狄,2
狆,4
狉,1
狍,2
狎,2
狐,2
狒,4
狓,2
狗,3
狘,4
狙,1
狠,3
狡,3
徇,4
狦,1
狨,2
狩,4
狫,3
狳,2
狴,4
狷,4
狸,2
狭,2
狺,2
狻,1
狼,2
狈,4
猁,4
悍,4
猇,1
猈,4
猊,2
猋,1
猓,3
猖,1
猗,1
猘,4
狰,1
猛,3
猜,1
猝,4
猞,1
猟,4
猢,2
猣,1
猥,3
猿,2
猩,1
猭,2
猱,2
猲,4
猲,1
猳,1
猴,2
猵,1
猵,4
犹,2
猷,2
猸,2
猹,2
猺,2
狲,1
猾,2
猿,2
獀,1
犸,3
獃,1
狱,4
狮,1
獉,1
嗥,2
獍,4
奖,3
獏,4
獐,1
獒,2
獕,1
獗,2
毙,4
獙,4
獚,2
獜,2
獝,4
獞,4
獞,2
獠,2
獢,1
獣,4
狷,4
独,2
狯,4
猃,3
獬,4
狝,3
獯,1
狞,2
㺍,1
获,4
獳,4
獴,3
猎,4
犷,3
兽,4
獭,3
献,4
猕,2
獾,1
猡,2
𤞤,3
玂,2
玃,2
玄,2
妙,4
玆,1
率,4
率,4
玈,2
玉,4
玊,4
王,2
王,2
王,4
玍,3
玎,1
玒,2
玓,4
玔,4
玕,1
玖,3
玗,2
玘,3
玞,1
玟,2
玟,2
玠,4
玡,2
玢,1
玢,1
玤,4
玥,4
玦,2
珏,2
玩,2
玫,2
玭,2
玲,2
玳,4
玶,2
玷,4
玹,2
玻,1
玼,3
玿,2
珀,4
珂,1
珃,3
珅,1
珇,3
珈,1
珉,2
珊,1
珋,3
珌,4
珍,1
珍,1
珒,1
珓,4
珔,4
珖,1
珙,3
珚,1
珛,4
珝,3
珞,4
珠,1
珡,2
珣,2
珥,3
珦,4
珧,2
珩,2
珪,1
班,1
班,1
佩,4
珳,2
珵,2
珶,4
珷,3
珹,2
珺,4
珻,2
珽,3
现,4
琀,2
琁,2
球,2
琅,2
理,3
琇,4
琈,2
琉,2
琊,2
璃,2
琖,3
琚,1
琛,1
琝,2
琠,3
琢,2
琢,2
琤,1
琥,3
琦,2
琨,1
琪,2
琫,3
琬,3
琭,4
琮,2
琮,2
琯,3
琰,3
琱,1
琲,4
琳,2
琴,2
琵,2
琶,2
琴,2
珐,4
珲,2
瑀,3
瑁,4
瑂,2
瑃,1
瑄,1
玳,4
瑉,2
玮,3
瑏,1
瑑,4
瑔,2
瑕,2
瑗,4
瑙,3
瑚,2
瑛,1
瑜,2
瑞,4
瑟,4
琉,2
瑢,2
琐,3
瑶,2
瑶,2
瑧,1
瑨,4
莹,2
玛,3
瑭,2
琅,2
琅,2
瑰,1
瑱,4
瑱,4
玱,1
瑳,1
瑻,1
𪻐,1
瑾,3
瑿,1
璀,3
璁,1
璃,2
璅,3
璆,2
璇,2
璈,2
琏,3
𫞩,2
璋,1
璐,4
璘,2
璚,2
璚,2
璜,2
璝,1
璞,2
璟,3
璠,2
琎,4
琉,2
玑,1
璥,3
瑷,4
璧,4
璨,4
璩,2
璩,2
璪,3
珰,1
璬,3
璮,3
㻅,4
环,2
环,2
璱,4
璲,4
玙,2
璸,1
璺,4
玺,3
璇,2
瓀,3
瓁,4
𬍛,4
璃,2
琼,2
琼,2
瑰,1
珑,2
璎,1
瓖,1
瓘,4
瓒,4
瓛,2
瓜,1
瓞,2
瓠,4
瓢,2
瓣,4
瓤,2
瓦,3
瓧,5
瓩,1
瓬,3
瓮,4
瓰,1
瓱,2
瓴,2
瓵,2
瓶,2
瓷,2
瓸,3
瓻,1
瓼,3
瓿,4
甀,4
甁,2
甃,4
甄,1
甄,1
甇,1
甋,4
瓯,1
瓯,1
甍,2
砖,1
甏,4
甑,4
甒,3
甓,4
甔,1
瓮,4
瓮,4
罂,1
甗,3
甘,1
甘,1
甙,4
甚,2
甚,4
甛,2
甜,2
甝,2
尝,2
生,1
甡,1
产,3
産,3
甥,1
苏,1
用,4
甩,3
甪,4
甫,3
甬,3
甬,3
甬,3
甭,2
甭,4
甮,2
甮,4
宁,2
田,2
田,2
由,2
甲,3
申,1
申,1
甴,2
男,2
甸,4
甸,4
甹,1
町,1
町,3
甽,3
甾,1
甿,2
畀,4
畁,4
亩,3
畄,2
亩,3
畇,2
畈,4
耕,1
畋,2
界,4
畎,3
畏,4
畑,2
畒,3
畓,5
畔,4
留,2
畚,3
畛,3
畜,4
畜,4
亩,3
畟,4
毕,4
毕,4
畤,4
略,4
畦,2
略,4
番,1
番,1
画,4
畲,1
畲,2
亩,3
畯,4
异,4
留,2
畳,2
畵,4
当,1
当,4
畷,4
畸,1
畹,3
畺,1
畽,3
畾,2
畿,1
疃,3
疆,1
畴,2
叠,2
叠,2
匹,3
疋,1
疋,3
疍,4
疏,1
疏,1
疏,1
疐,4
疑,2
疒,4
疔,1
疕,3
肛,1
疙,1
疚,4
疝,4
疢,4
疣,2
疤,1
疥,4
疧,2
疫,4
疲,2
疳,1
疵,1
疶,4
疸,5
疸,3
疹,3
疼,2
疽,1
疾,2
痱,4
痁,4
痂,1
痄,4
病,4
症,4
痊,2
痌,1
痍,2
痎,1
痏,3
蛔,2
痒,3
痓,4
痔,4
痕,2
痗,4
痘,4
痉,4
痚,1
痛,4
痜,1
痞,3
痠,1
痡,1
痢,4
痣,4
痤,2
痦,4
痧,1
痩,4
痭,2
痯,3
痰,2
痱,4
痲,2
痳,2
痴,1
痵,4
痹,4
痻,2
痼,4
疴,1
痿,3
瘀,1
瘁,4
痖,3
瘃,2
瘈,4
瘉,4
瘊,2
疯,1
瘌,4
疡,2
瘏,2
瘐,3
痪,4
瘕,3
瘖,1
瘙,4
瘚,2
瘛,4
瘜,1
瘝,1
瘗,4
瘟,1
瘠,2
疮,1
瘢,1
瘤,2
瘥,4
瘥,2
瘦,4
疟,4
疟,4
瘨,1
瘩,2
瘭,1
瘆,4
瘯,4
瘰,3
疭,4
瘳,1
瘴,4
瘵,4
瘸,2
瘺,4
瘘,4
瘼,4
癀,2
疗,2
癃,2
憔,2
瘤,2
痨,2
痫,2
废,4
瘅,1
瘅,4
癌,2
癍,1
癎,2
𤶊,4
愈,4
癔,4
癕,1
癖,3
疠,4
癙,3
癜,4
瘪,3
癠,4
痴,1
痒,3
疖,1
症,1
疬,4
癞,4
癪,1
癣,3
瘿,3
瘾,3
癯,2
痈,1
瘫,1
癫,1
癶,1
癸,3
発,1
登,1
发,1
白,2
白,2
百,3
百,3
癿,2
皀,1
皁,4
皂,4
皃,4
的,5
的,1
的,2
的,4
皆,1
皇,2
皇,2
皈,1
皋,1
皌,4
皎,3
皋,1
皒,2
皓,4
皕,4
皖,3
皘,4
皙,1
皑,2
皓,4
皝,3
皞,4
皤,2
皦,3
皦,3
皨,1
皪,4
皫,3
皭,4
皮,2
皮,2
疱,4
皴,1
鼓,3
皲,1
皱,4
皻,3
皻,1
皽,1
皿,3
盂,2
杯,1
盅,1
盆,2
盍,2
盈,2
盉,2
益,4
益,4
盋,1
碗,3
盍,2
盎,4
盒,2
盔,1
盚,2
盛,4
盛,2
盛,4
盗,4
盝,4
盏,3
盟,2
尽,4
监,1
监,4
盘,2
盥,4
盦,1
卢,2
卢,2
盩,1
荡,4
荡,4
盬,3
盭,4
目,4
盯,1
盱,1
盱,1
盲,2
直,2
直,2
盵,4
相,1
相,1
相,4
盹,3
盻,4
盼,4
盾,4
省,3
省,3
眂,4
眄,3
眄,4
眅,1
眇,3
眈,1
眉,2
眊,4
看,1
看,4
県,4
视,4
眑,3
眕,3
眙,2
眚,3
眛,4
眞,1
真,1
眠,2
视,4
眢,1
眣,2
眦,4
眦,4
眨,3
眩,4
眭,1
眭,1
眯,2
眰,2
眳,2
眴,4
眵,1
眶,4
眷,4
眸,2
眹,4
眺,4
眼,3
眽,4
众,4
众,4
睂,2
睃,1
睄,2
睄,4
睅,4
睆,3
睇,4
睊,4
𪾢,4
睎,1
困,4
睒,3
睓,3
睖,4
睘,2
睙,4
睚,2
睛,1
睁,1
睐,4
睟,4
眷,4
睡,4
睢,1
睢,1
督,1
睥,4
睦,4
睨,4
睪,4
睫,2
睬,3
睯,1
睹,3
睺,2
睽,2
睾,1
睿,4
瞀,4
瞄,2
瞅,3
眯,1
瞈,3
瞋,1
瞌,1
瞍,3
瞎,1
瞏,2
瞑,2
瞓,4
瞕,4
翳,4
眍,1
䁖,1
瞒,2
瞟,3
瞠,1
瞢,2
𥆧,2
𥆧,4
瞥,1
瞧,2
瞪,4
瞫,3
瞬,4
了,3
了,4
瞭,4
瞰,4
瞳,2
瞵,2
瞷,4
瞹,4
瞻,1
睑,3
瞽,3
瞿,2
瞿,2
瞅,3
蒙,1
蒙,2
矉,2
矍,2
矍,2
眬,2
矔,4
矗,4
瞰,4
瞩,3
矛,2
矜,1
矞,4
矟,4
矠,2
矢,3
矣,3
知,1
矦,2
矧,3
矨,3
矩,3
矬,2
短,3
矮,3
矫,3
矫,2
矫,3
矰,1
矱,1
石,2
石,4
石,2
碇,4
矷,3
矸,1
矻,1
矼,1
矽,1
砂,1
砃,1
砄,2
砅,4
砆,1
砈,4
砉,1
砉,1
砌,4
砌,4
砍,3
砑,4
砒,1
研,2
砕,4
砘,4
砝,3
砟,3
砠,1
砢,3
砣,2
砥,3
寨,4
砧,1
砩,4
砩,2
砫,3
砬,2
砭,1
砮,3
砯,1
砰,1
炮,4
砳,4
破,4
砵,1
砷,1
砸,2
砹,4
砼,2
朱,1
硅,1
硇,2
硌,4
硍,4
硎,2
硏,2
硐,4
硐,2
硑,1
硒,1
硁,1
硝,1
硖,2
砗,1
硪,4
硫,2
硬,4
硭,2
确,4
砚,4
硻,1
硼,2
硾,4
棋,2
碃,4
碇,4
碈,2
碉,1
碌,4
碌,4
碎,4
碏,4
碑,1
碓,4
碔,3
碗,3
碘,3
碚,4
碝,3
碞,2
碟,2
碡,2
碣,2
碥,3
碧,4
硕,4
砧,1
碫,4
碬,2
砀,4
碯,3
碰,4
碲,4
碳,4
碴,2
砜,1
确,4
碻,4
码,3
碾,3
磁,2
磅,4
磅,2
磈,3
磉,3
磊,3
磋,1
磎,1
磐,2
硙,2
硙,2
硙,4
磔,2
磕,1
磕,4
磖,2
磙,3
砖,1
磛,2
磜,4
碌,4
硵,3
磡,4
碜,3
磤,3
磥,3
碛,4
磨,2
磨,4
磪,1
磬,4
磭,4
矶,1
磲,2
磴,4
磵,4
磷,2
磹,4
磺,2
磻,2
硗,1
礀,4
礁,1
硚,2
礅,1
硷,3
礌,2
础,3
𬒈,2
𬒈,4
礓,1
礗,1
碍,4
礚,1
礜,4
礝,3
礞,2
礴,2
礤,3
矿,4
礧,4
砺,4
砾,4
矾,2
礮,4
砻,2
𰦭,2
礵,1
示,4
礽,2
社,4
礿,4
祀,4
祁,2
祁,2
祂,1
祄,4
祅,1
祆,1
只,3
祇,2
祈,2
祉,3
祊,1
祍,4
祏,2
祐,4
祓,2
祔,4
秘,4
祖,3
祖,3
祗,1
祘,4
祚,4
祛,1
祜,4
祝,4
祝,4
神,2
神,2
祟,4
祠,2
祢,3
祥,2
祧,1
票,4
祫,2
祭,4
祭,4
祲,1
祺,2
祻,4
祼,4
禄,4
禁,1
禁,4
禂,3
禇,3
禊,4
禋,1
祸,4
祯,1
福,2
福,2
祦,2
禔,2
祎,1
禖,2
禘,4
禚,2
禛,1
禜,3
禝,4
禠,1
祃,4
禢,4
禤,1
禥,2
御,4
禧,3
禨,1
祀,4
禅,2
禅,4
禫,3
礼,3
礼,3
祢,2
祢,2
祷,3
禳,2
禴,4
禸,2
禹,3
禺,3
禺,2
离,1
禽,2
禾,2
秃,1
秀,4
私,1
秈,1
秉,3
秉,3
年,2
秋,1
秋,1
秋,1
秏,4
科,1
秒,3
粳,1
秕,3
只,1
秘,4
秘,4
秚,4
秜,2
秜,4
租,1
秠,1
秣,4
秤,1
秤,4
秦,2
秧,1
秩,4
秫,2
秬,4
秭,3
秷,2
秸,1
移,2
稀,1
稂,2
稃,1
税,4
稆,3
秆,3
粳,1
稊,2
程,2
程,2
稌,2
稍,1
稍,4
稑,4
稔,3
稗,4
稙,2
稚,4
稛,3
棱,2
棱,2
稞,1
禀,3
稠,2
稨,3
糯,4
秸,1
种,3
种,4
称,4
称,1
称,4
稲,4
稷,4
稹,3
稚,4
稻,4
稼,4
稽,1
稽,1
稽,3
稿,3
稿,3
谷,3
穂,4
穄,4
糠,1
穆,4
穆,4
䅟,1
穈,2
稚,4
穊,4
穋,4
稣,1
积,1
颖,3
穏,3
穗,4
穗,4
穜,2
穟,4
秾,2
穑,4
秽,4
穣,2
糯,4
穧,4
颓,2
稳,3
获,4
穞,3
穮,1
穯,4
穰,2
穰,2
穴,2
穵,1
究,1
穸,1
穹,2
空,1
空,4
阱,3
穿,1
窀,1
突,1
窂,2
窄,3
窅,3
窆,3
窈,3
窊,1
窋,2
窌,4
窒,4
窗,1
窔,3
窕,3
窖,4
窗,1
窘,3
窞,4
窟,1
窠,1
窣,1
窨,1
窨,4
窝,1
洼,1
窬,2
穷,2
窑,2
窑,2
窳,3
窴,2
窎,4
窭,4
窸,1
窥,1
窗,1
窾,4
窾,3
窿,2
竁,4
竃,4
窜,4
窍,4
窦,4
窦,4
灶,4
窃,4
立,4
立,4
竑,2
站,4
伫,4
竜,2
并,4
竟,4
章,1
章,1
竡,3
俟,4
竣,4
童,2
童,2
竦,3
竖,4
竭,2
端,1
竞,4
竹,2
竺,2
竺,3
竽,2
竾,2
竿,1
笀,2
笄,1
笆,1
笈,2
笉,3
笊,4
笎,2
笏,4
笐,1
笑,4
笓,2
笙,1
笛,2
笞,1
笠,4
笤,2
笥,4
符,2
符,2
笨,4
笪,2
笪,2
笫,3
第,4
笭,2
笮,2
笯,2
笰,2
笱,3
笲,2
笳,1
笵,4
笸,3
笻,2
筀,4
筃,1
筅,3
笔,3
筇,2
筈,1
等,3
筊,3
筊,4
筋,1
筌,2
笋,3
筎,2
筏,2
筐,1
筑,4
筑,4
筒,3
答,1
答,2
筕,2
策,4
策,4
筘,4
策,4
筠,2
筢,2
筤,2
筥,3
筦,3
管,3
笕,3
筒,3
筭,4
筮,4
箸,4
筰,2
筱,3
筲,1
筳,2
策,4
筵,2
筷,4
筸,1
箂,2
箅,4
个,4
箊,1
笺,1
箍,1
箎,2
筝,1
箐,4
箑,4
帚,3
箔,2
箕,1
算,4
箘,4
箙,2
箛,1
箜,1
箝,2
棰,2
管,3
管,3
箢,1
箬,4
箭,4
箮,1
箯,1
箱,1
箴,1
箸,4
箾,4
节,1
节,2
篁,2
篃,4
范,4
篆,4
篇,1
筑,4
箧,4
篌,2
筼,2
篖,2
𥬠,1
篙,1
篚,3
篛,4
篜,1
篝,1
篟,4
篠,3
篡,4
𬕂,1
笃,3
篥,4
篦,4
篧,2
篨,2
筛,1
篪,2
篭,2
篰,4
篲,4
筚,4
篴,2
篶,1
篷,2
篹,3
篹,4
纂,3
篼,1
篾,4
箦,2
簁,3
簃,2
簆,4
簇,4
簉,4
簋,3
簌,4
篓,3
簏,4
蓑,1
篡,4
簕,4
簗,4
簜,4
簝,2
箪,1
簟,4
簠,3
简,3
篑,4
簥,1
簦,1
簧,2
簨,3
簪,1
箫,1
簬,4
簪,1
簰,2
檐,2
簸,3
簸,4
筜,1
簻,1
签,1
帘,2
簿,4
籀,4
籀,4
篮,2
𥫣,2
籊,4
筹,2
籍,2
籍,2
藤,2
籑,4
馔,4
籒,4
籓,1
䉤,3
签,1
箓,4
籚,2
篯,1
箨,4
籝,2
籁,4
笼,2
笼,3
奁,2
籣,2
签,1
籥,4
籧,2
笾,1
簖,4
籫,3
篱,2
籭,1
箩,2
籯,2
吁,4
米,3
米,3
籵,2
籸,1
籹,3
籼,1
籽,3
粀,4
粁,1
秕,3
粄,3
糠,1
粉,3
粋,4
粑,1
粒,4
粔,4
粕,4
粗,1
粘,2
粘,1
粚,1
粛,4
粞,1
粟,4
粟,4
粢,1
粥,4
粥,1
磷,2
妆,1
粨,3
粩,1
粬,1
粰,1
粱,2
粲,4
粳,1
粤,4
粹,4
稗,4
粻,1
粼,2
粽,4
精,1
粿,3
糅,2
糆,4
糈,3
粽,4
糊,2
糊,4
糌,1
糍,2
糒,4
糔,3
糕,1
糖,2
糗,3
糗,3
糙,1
糜,2
糜,2
糜,2
糁,3
粪,4
糟,1
糠,1
糢,2
粮,2
糨,4
糬,3
糭,4
糯,4
团,2
糱,4
粝,4
籴,2
粜,4
糸,4
纟,1
糺,3
纠,1
系,4
纠,1
纪,3
纪,4
纣,4
纣,4
𬘓,2
约,1
约,1
红,2
红,1
红,2
纡,1
纡,1
纥,1
纥,2
纨,2
纫,4
紊,3
纹,2
纳,4
纳,4
纽,3
紑,2
纾,1
纯,2
纰,1
纱,1
纮,2
纸,3
级,2
纷,1
纭,2
纴,4
𬘘,3
紟,1
素,4
纺,3
索,3
索,3
扎,1
扎,1
紩,4
紫,3
䌷,2
扎,1
扎,1
累,3
累,4
细,4
绂,2
绁,4
绅,1
纻,4
绍,4
绍,4
绀,4
绋,2
紽,2
紾,3
绐,4
绌,4
絁,1
终,1
絃,2
组,3
组,3
䌹,3
绊,4
経,1
絍,4
绗,2
绁,4
结,1
结,2
絓,4
絓,1
绝,2
絖,4
絘,4
絚,1
绦,2
绦,1
絜,2
絜,2
绔,4
绞,3
络,4
络,4
绚,4
絣,3
给,3
给,3
绒,2
𬘡,1
絫,3
絮,4
绖,2
统,3
丝,1
绛,4
绛,4
絵,4
绝,2
绢,4
𫄨,1
絻,3
絻,4
絿,2
𦈌,1
绑,3
綂,3
绡,1
綅,1
绠,3
绨,2
绣,4
绤,4
綍,2
綎,1
绥,2
捆,3
经,1
经,1
𫄧,2
綗,3
綘,2
継,4
続,4
综,4
综,1
𬘭,1
绿,4
绸,2
绻,3
綥,2
綦,2
𬘬,4
线,4
绶,4
维,2
维,2
綮,3
绹,2
绾,3
纲,1
网,3
绷,1
缀,4
缀,4
䌽,3
綷,4
纶,2
绺,3
绮,3
绽,4
绰,1
绰,4
绫,2
绵,2
緁,2
绲,3
緅,1
緆,1
缁,1
紧,3
绯,1
緌,2
𦈏,2
緎,4
総,3
繁,2
緑,4
绪,4
绱,4
緖,4
缃,1
缄,1
缂,4
线,4
緛,3
绵,2
缉,1
缉,1
缎,4
缔,4
缗,2
缘,2
緤,4
褓,3
缌,1
编,1
缓,3
緪,1
緫,3
缅,3
缅,3
纬,3
𦈕,2
缑,1
缑,1
缈,3
练,4
缏,4
缇,2
致,4
縁,2
縂,3
縃,1
縄,2
萦,2
缙,4
缢,4
缒,4
縏,2
绉,4
缣,1
缊,1
缊,4
缞,1
縚,1
缚,4
缜,3
缟,3
缛,4
縠,2
縡,4
縢,2
县,4
縦,4
绦,1
縩,4
缝,2
缝,4
缡,2
缩,1
𬙂,3
縰,3
纵,4
缧,2
䌸,4
纤,4
缦,4
絷,2
缕,3
缥,1
缥,3
縻,2
总,3
绩,4
縿,1
繁,2
绷,1
绷,3
繄,1
缫,1
缪,4
缪,3
缪,4
缪,4
缪,2
缪,4
繇,2
繇,2
繇,4
繈,3
繊,1
繋,4
繐,4
缯,1
缯,1
缯,4
织,1
缮,4
伞,3
繘,4
繙,1
缭,2
绕,4
繠,3
绣,4
缋,4
繣,4
襁,3
繨,2
绳,2
绘,4
系,4
系,4
茧,3
缰,1
缳,2
缲,1
缲,1
缴,3
䍁,4
绎,4
𦈡,1
继,4
缤,1
缱,3
𫄸,1
纂,3
𬙊,4
颣,4
缬,2
纉,3
纩,4
续,4
累,2
累,2
纎,1
缠,2
纑,2
纒,2
缨,1
才,2
𬙋,1
纤,1
缵,3
纙,4
纚,2
纚,3
纛,4
缆,3
缶,3
缸,1
缺,1
钵,1
瓶,2
罁,1
罃,1
罄,4
罅,4
罆,4
樽,1
坛,2
罉,1
瓮,4
罂,1
罍,2
罎,2
罏,2
罐,4
罒,3
罓,3
罔,3
罕,3
罖,5
罘,2
罛,1
罝,1
罟,3
罠,2
罡,1
罣,4
罥,4
罦,2
罨,3
罩,4
罪,4
罫,4
罭,4
置,4
罚,2
罱,3
署,3
罳,1
骂,4
罶,3
罢,4
罢,5
罚,2
罹,2
罻,4
罽,4
罾,1
罿,2
羀,3
羂,4
羃,4
罗,2
罗,2
罴,2
羇,1
羁,1
羊,2
羊,2
芈,3
芈,3
羌,1
羌,1
羍,2
美,3
美,3
羑,3
羔,1
羖,3
羌,1
羚,2
羜,4
羝,1
羞,1
羢,2
群,2
群,2
羟,3
羧,1
羡,4
义,4
义,4
羭,2
羮,1
羯,2
羯,2
羰,1
羱,2
羲,1
膻,1
羵,3
膻,1
羸,2
羹,1
羼,4
羽,3
羿,4
翀,1
翁,1
翁,1
翃,2
翅,4
翅,4
翊,4
翌,4
翎,2
翏,4
习,2
习,2
翔,2
翕,1
翖,1
翛,4
翟,2
翟,2
翟,2
翠,4
翡,3
翣,4
翥,4
翦,3
翦,3
翩,1
翪,1
玩,2
翚,1
翮,2
翯,4
翰,4
翰,4
翱,2
翳,4
翘,2
翘,4
翱,2
翻,1
翼,4
翼,4
翙,4
翾,1
翿,4
耀,4
老,3
考,3
耄,4
者,3
耆,2
耇,3
耈,3
耉,3
耊,2
耋,2
而,2
耍,3
耍,3
耎,3
耏,2
耏,2
耐,4
专,1
端,1
耒,3
耔,3
耕,1
耖,4
耗,4
耘,2
耙,4
耙,2
耜,4
耝,4
耞,1
耠,1
耡,2
耤,2
耦,3
耨,4
耩,3
耪,3
耧,2
耢,4
耰,1
耱,4
耲,2
耳,3
耵,1
耶,1
耶,2
耶,5
耷,1
耼,1
耽,1
耿,3
耿,3
聃,1
聆,2
聊,2
聎,1
聒,1
圣,4
聘,4
聚,4
聝,2
闻,2
闻,2
聡,1
聦,1
聨,2
聮,2
联,2
聪,1
聱,2
声,1
耸,3
聴,1
聩,4
聂,4
聂,4
职,2
聍,2
聼,1
听,1
聋,2
聿,4
肄,4
肃,4
肃,4
肆,4
肇,4
肇,4
肉,4
肊,4
肋,4
肌,1
肯,3
肏,4
胳,1
肓,1
肕,4
肖,1
肖,4
肘,3
肙,1
肚,3
肚,4
肛,1
肜,2
肝,1
肟,4
股,3
肢,1
肥,2
胚,1
肩,1
肪,2
肫,1
肬,2
肭,4
肯,3
肰,2
肱,1
育,4
肴,2
肵,4
肸,1
肹,1
肺,4
肼,3
肽,4
胂,4
胃,4
胄,4
胇,4
胊,2
背,1
背,4
胍,1
胎,1
胏,3
胑,1
胔,4
胖,2
胖,4
胗,1
胙,4
胚,1
胛,3
胝,1
胞,1
胠,1
胡,2
胡,2
胤,4
胥,1
胥,1
胦,1
胩,3
胬,3
胭,1
胯,4
胰,2
胱,1
胲,3
胳,1
胳,1
胳,2
胴,4
胸,1
胸,1
胹,2
胺,4
胻,2
胼,2
能,2
能,2
胾,4
脂,1
脆,4
胁,2
脆,4
胁,2
脉,4
脉,4
脊,3
脒,3
脖,2
吻,3
脘,3
胫,4
脝,1
脞,3
脡,3
脢,2
唇,2
脤,4
𣍰,3
脧,1
脨,2
修,1
脩,1
脱,1
脬,1
脯,3
脯,2
脰,4
脲,4
脳,3
脷,4
胀,4
脾,2
脿,1
腄,2
腆,3
腈,1
腊,1
腋,4
腌,1
腍,3
肾,4
腐,3
腑,3
腒,1
腓,2
腔,1
腕,4
胨,4
腙,1
腚,4
腜,2
腠,4
脶,2
腥,1
脑,3
腧,4
腩,3
肿,3
腬,2
腮,1
腯,2
腰,1
腱,4
脚,3
脚,2
腴,2
腶,4
肠,2
腹,4
腺,4
腿,3
膀,3
膀,4
膀,1
膀,2
肷,3
膂,3
腽,4
膆,4
膇,4
膈,2
膈,4
膊,2
膋,2
膌,2
膏,1
膏,4
肠,2
膔,1
膔,4
腘,2
膗,2
膘,1
膙,3
肤,1
膛,2
膜,2
膝,1
䏝,1
膟,4
胶,1
膣,4
膦,4
膨,2
腻,4
膪,4
膫,2
膫,2
膬,4
膰,2
膲,1
膳,4
膴,1
膵,4
膷,1
膺,1
膻,1
胆,3
脍,4
脓,2
臀,2
臁,2
臂,4
臃,1
臄,2
臆,4
臇,3
腊,4
脸,3
臊,1
臊,4
臀,2
臌,3
脐,2
膑,4
臐,1
臑,4
臓,4
膘,1
臖,4
腊,4
胭,1
胪,2
臛,4
裸,3
臞,2
脏,4
脔,2
臜,1
臣,2
臣,2
卧,4
臧,1
臧,1
臧,4
临,2
自,4
臬,4
臭,4
臭,4
皋,1
臲,4
至,4
致,4
台,2
台,2
臻,1
臼,4
臽,4
臾,2
臾,2
臿,1
舀,3
舁,2
舂,1
舄,4
舅,4
与,2
与,3
与,4
兴,1
兴,1
兴,4
举,3
旧,4
舋,4
舌,1
舌,2
舍,4
舍,3
舍,4
舎,4
舐,4
舒,1
舒,1
舓,4
舔,3
铺,4
舗,4
馆,3
舛,3
舜,4
舝,2
舞,3
舟,1
舠,1
舡,1
舢,1
舨,3
船,2
航,2
舫,3
般,1
般,1
般,2
舭,3
舲,2
舳,2
舴,2
舵,4
舶,2
舷,2
舸,3
船,2
舺,2
舾,1
艁,4
艄,1
艅,2
艇,3
艉,3
艋,3
艎,2
艏,3
艑,4
艕,4
艖,1
艗,4
艘,1
舱,1
艚,2
艜,4
艟,1
樯,2
橹,3
舣,3
舰,4
艨,2
艩,2
橹,3
舻,2
艬,2
艭,1
艮,3
艮,4
良,2
艰,1
色,4
色,3
艴,2
艳,4
艳,4
草,3
艹,3
艻,4
艽,1
艾,4
艾,4
艾,4
艿,3
芀,2
芃,2
芄,2
芊,1
芋,4
芍,4
芍,2
芎,1
芏,4
芑,3
芒,2
芔,4
芕,1
芘,2
芙,2
芚,2
芝,1
芞,4
芟,1
芡,4
芣,2
芤,1
芥,4
芥,4
芧,4
芨,2
芩,2
芪,2
芫,2
芫,2
芬,1
芭,1
芮,4
芮,4
芯,1
芯,4
芰,4
花,1
花,1
花,1
芳,1
芴,1
芴,4
芷,3
芸,4
芸,2
芹,2
刍,2
芼,4
芽,2
芾,4
芾,2
芿,4
苄,4
苉,3
苊,4
苑,4
苑,4
苒,3
苓,2
苔,1
苔,2
苕,2
苕,2
苗,2
苗,2
苘,3
苙,4
苛,1
苜,4
苞,1
苟,3
苟,3
苠,2
苡,3
苣,4
苣,3
苤,3
若,3
若,4
苦,3
苎,4
苩,1
苪,3
苫,1
苯,3
英,1
英,1
苲,3
苴,1
苴,1
苶,2
苷,1
苹,2
苺,2
苻,2
苾,4
茀,2
茁,2
茂,4
范,4
茄,1
茄,2
茅,2
茅,2
茆,2
茆,3
茇,2
茈,2
茈,3
茉,4
茊,1
茌,2
茍,2
茓,2
茖,2
茗,2
荔,4
茚,4
茛,4
茜,4
茜,1
茝,3
茞,2
茠,1
茢,4
茥,1
茦,4
茨,2
茫,2
茬,2
茭,1
茯,2
茱,1
兹,1
茳,1
茴,2
茵,1
茶,2
茷,2
茸,2
茹,2
茹,2
茻,3
茼,2
茽,4
荀,2
荀,2
荁,2
荃,2
荄,1
荅,1
荅,2
荇,4
荈,3
草,3
草,4
荆,1
荞,2
荏,3
荑,2
荑,2
荒,1
荔,4
荘,1
豆,4
荵,3
荷,2
荷,2
荷,4
荸,2
荻,2
荼,2
荽,1
莆,2
莉,4
庄,1
庄,1
莎,1
莎,1
莒,3
莒,3
莓,2
莔,2
莕,4
茎,1
莘,1
莘,1
莘,1
莙,1
莚,2
莛,2
莜,2
莝,4
莞,1
莞,3
莞,3
莠,3
荚,2
莦,1
苋,4
莨,4
莩,2
莩,3
莪,2
莫,4
莫,4
莭,2
莰,3
莽,3
莿,4
菀,3
菀,4
菁,1
菂,4
菃,2
菅,1
菆,1
菇,1
菉,4
菊,2
菌,1
菌,4
菎,1
菏,2
菐,2
灾,1
菑,1
菑,1
果,3
菔,2
芲,2
菖,1
菘,1
菜,4
菝,2
菟,4
菠,1
菡,4
菢,4
菣,4
菥,1
菧,3
菩,2
菪,4
菫,3
华,2
华,4
华,1
华,2
菰,1
菱,2
菲,1
菲,1
菲,3
庵,1
菶,3
菷,3
烟,1
菸,1
菹,1
菺,1
菻,3
菼,3
菽,1
菾,2
萁,2
萃,4
萄,2
萅,1
萆,4
苌,2
苌,2
莱,2
萋,1
萌,2
萍,2
萎,3
萏,4
萐,4
萑,2
萕,4
萘,4
萜,1
萣,4
萩,1
万,4
万,4
萮,2
萰,4
萱,1
萱,1
荝,4
莴,1
萸,2
萹,1
萹,3
萻,1
萼,4
落,4
落,4
落,4
葄,4
葅,1
葆,3
葇,2
叶,4
叶,4
葍,2
葎,4
葑,1
荭,2
葖,1
着,1
着,2
着,5
着,2
著,4
葙,1
葚,4
葛,3
葛,2
葜,1
参,1
葡,2
葡,2
董,3
董,3
荮,4
葥,2
苇,3
葧,2
葩,1
葫,2
葬,4
葭,1
药,4
葳,1
葴,1
葵,2
葶,2
荤,1
荤,1
葸,3
葹,1
葺,4
葽,1
蒂,4
蒄,1
蒎,4
蒐,1
莼,2
莳,2
莳,4
蒗,4
蒙,2
蒙,3
蒙,1
蒙,2
蒜,4
莅,4
蒟,3
蒡,4
蒢,2
蒦,4
蒨,4
蒪,4
蒭,2
蒯,3
蒱,2
蒲,2
蒲,2
蒴,4
蒸,1
蒹,1
蒺,2
蒻,4
苍,1
苍,1
蒽,1
蒿,1
荪,1
蓁,1
蓂,4
蓂,2
蓄,4
席,2
蓇,1
蓉,2
蓉,2
蓊,3
盖,3
盖,4
蓌,4
蓍,1
蓏,3
蓐,4
蓑,1
蓒,1
蓓,4
蓔,3
蓔,2
蓖,4
参,1
蓧,4
蓪,1
蓫,2
蓬,2
蓬,2
莲,2
苁,1
蓰,3
蓱,2
莼,2
蓷,1
蓸,2
蓺,4
蓼,3
蓼,4
荜,4
蓿,4
蔀,4
蔂,2
蔃,2
菱,2
蔇,4
蔉,3
蔊,3
蔋,2
蔌,4
蔌,4
蔎,4
蔑,4
蔓,2
蔓,4
卜,2
蒂,4
蔗,4
蔘,1
蔙,4
蔚,4
蔚,4
蒌,2
蔟,4
蔡,4
蒋,3
葱,1
茑,3
蔫,1
蔬,1
荫,4
蔯,2
蔳,4
麻,2
蔵,2
蔸,1
蔻,4
蔽,4
蔾,2
荨,2
蕃,1
蕃,1
蕃,2
蒇,3
蕈,4
蕉,1
蕉,2
蕊,3
蕊,3
蕍,2
荞,2
蕐,2
蕑,1
蕑,1
荬,3
芸,2
蕔,1
莸,2
蕖,2
蕗,4
荛,2
蕙,4
萼,4
蕝,2
蕞,4
蕠,2
蕡,2
蒉,4
蒉,4
蕣,4
蕤,2
蕨,2
荡,4
芜,2
萧,1
萧,1
蕮,4
蕳,1
蕶,2
蓣,4
蕸,2
蕹,4
蕺,2
蕻,2
蕻,4
蕾,3
萱,1
蕰,4
薁,4
薃,4
薄,2
薄,2
薄,2
薄,4
薅,1
薆,4
薇,1
荟,4
薉,4
蓟,4
蓟,4
芗,1
薏,4
薐,2
姜,1
蔷,2
薖,1
荙,2
剃,4
薛,1
薛,1
薜,4
莶,3
莶,1
薠,2
薢,4
薤,4
荐,4
薧,3
薨,1
萨,4
薪,1
薫,1
薬,4
薯,3
熏,1
薰,1
䓕,3
薳,3
苧,2
薶,2
薶,1
薷,2
薸,1
薹,2
荠,4
荠,2
薻,3
薽,1
薾,3
薿,3
藁,3
藄,2
藇,4
藇,4
借,4
藉,2
藉,2
藉,4
藊,3
藋,4
蓝,2
蓝,2
荩,4
藏,4
藏,2
藏,4
藐,3
藒,4
藕,3
藘,2
藙,4
藚,4
藜,2
艺,4
藟,3
藠,4
藤,2
药,4
藦,2
藨,1
藨,1
藩,1
薮,3
䓖,2
藳,3
藴,4
苈,4
薯,3
蔼,3
蔺,4
蔺,4
藻,3
萱,1
藾,4
藿,4
萚,4
蘁,4
蕊,3
蕲,2
蘅,2
芦,2
苏,1
苏,1
蕴,4
苹,2
𬞟,2
萱,1
蘑,2
苏,1
蘗,4
蘘,2
藓,3
蘝,3
蔹,3
𮐨,1
茏,2
花,1
蘧,2
蘧,2
蘩,2
兰,2
兰,2
蘵,2
蘸,4
蓠,2
蘻,4
蘼,2
萝,2
虀,1
蔂,2
𬟁,4
虍,1
虎,3
虐,4
虒,1
虓,1
虔,2
处,3
处,4
虖,1
虗,1
虙,2
虚,1
虏,3
虞,2
虞,2
号,2
号,4
虡,4
虢,2
虣,4
虥,4
亏,1
虩,4
虫,2
虬,2
虰,1
虱,1
蛇,2
虷,1
虸,3
虹,2
虺,1
虺,3
虻,2
虼,4
蚄,1
蚆,1
蚈,1
蚉,2
蚊,2
蚋,4
蚌,4
蚌,4
蚍,2
蚓,3
蚔,2
蚖,2
蛔,2
蚛,4
蚜,2
蚡,2
蚣,1
蚤,3
蚦,2
蚧,4
蚨,2
蚩,1
蚩,1
蚪,3
蚯,1
蚰,2
蚱,4
蚲,2
蚳,2
蚴,4
蚵,2
蚶,1
蚹,4
蚺,2
蚻,2
蚽,2
蚿,2
蛀,4
蛁,1
蛄,1
蛅,2
蛆,1
蛇,2
蛉,2
蛋,4
蛋,4
蛌,3
蛍,2
蛐,1
蛑,2
蛓,4
蛔,2
蛔,2
蛘,2
蛙,1
蛚,4
蛛,1
蛜,1
蛞,4
蛟,1
蛡,4
蛣,2
蛤,2
蛤,2
蛧,3
蛩,2
蛭,4
蛵,2
蛸,1
蛸,1
蛹,3
蛱,2
蜕,4
蛾,2
蜀,3
蜂,1
蜃,4
蜅,3
蚬,3
蜇,1
蜇,2
蜈,2
蜉,2
蜊,2
螂,2
蜍,2
蜎,1
蜎,1
蜐,2
蜑,4
蜒,2
蜓,2
蛔,2
蜘,1
蜙,1
蜚,3
蜛,1
蜜,4
蜞,2
蜢,3
蜣,1
蜥,1
蝶,2
蜩,2
蜮,4
蜯,4
蜱,2
蜴,4
蜷,2
霓,2
蜻,1
蜽,3
蜾,3
蜿,1
𬟽,1
蝃,4
蝃,1
蝄,3
蝋,4
蝌,1
蝍,2
蝎,1
蝏,2
蝐,4
蝑,1
蝒,2
蝓,2
蚀,2
蝗,2
蝘,3
蝙,1
蝛,1
蝝,2
猬,4
蝠,2
蠕,2
蝣,2
蝤,2
蝥,2
虾,2
虾,1
虱,1
蝮,4
猿,2
蝰,2
虻,2
蝲,4
蝳,4
蝴,2
蝶,2
蜗,1
蝻,3
蝽,1
螂,2
螃,2
蛳,1
螅,1
螈,2
螉,1
螋,1
融,2
融,2
螒,4
螓,2
螗,2
螘,3
螙,4
螚,4
蚂,1
蚂,3
蚂,4
螟,2
螠,4
蚊,2
萤,2
螣,2
螥,1
螫,4
螫,1
螬,2
螭,1
䗖,4
螯,2
螳,2
螵,1
螺,2
蝼,2
螽,1
螾,3
螀,1
蟀,4
蚊,2
蛰,2
蟅,4
蟆,2
蟆,2
蝈,1
蟊,2
蟋,1
螨,3
蟑,1
蟒,3
蟓,4
蟛,2
蟜,3
蟜,3
蟟,2
蟠,2
蟢,3
虮,3
蟥,2
蟨,2
蟪,4
蝉,2
蟭,1
蟮,4
蛲,2
虫,2
蟳,2
蛏,1
蟷,1
蟹,4
蟺,4
蚁,3
蟾,2
蟿,4
蚃,3
蠂,4
蠃,3
蝇,2
虿,4
蠉,1
蠊,2
蠋,2
蝎,1
蠎,3
蟹,4
蛴,2
蝾,2
茧,3
蠓,3
蚝,2
蠕,2
蠖,4
蠗,2
𧏖,1
蠚,1
蠛,4
蠜,2
蜡,4
蠡,2
蠡,3
蠢,3
蛎,4
蠧,4
蟏,1
蠩,1
蜂,1
蠮,1
蠰,4
蛊,3
蠲,1
蠵,1
蚕,2
蠷,2
蠸,2
蠹,4
蛮,2
蠼,2
蠽,2
血,3
血,4
衁,1
衄,4
衄,4
众,4
脉,4
衈,4
衉,4
蔑,4
衋,4
行,2
行,2
衍,3
衎,4
衒,4
术,4
术,2
同,4
弄,4
衖,4
街,1
衔,2
衙,2
衙,2
胡,2
卫,4
卫,4
冲,1
冲,4
衞,4
衟,4
衡,2
衢,2
衣,1
衣,4
衤,1
表,3
衩,3
衩,4
衫,1
衭,1
衰,1
衰,1
衲,4
衵,4
衷,1
只,3
衹,2
邪,2
衽,4
衾,1
衿,1
袁,2
袁,2
袂,4
袈,1
袋,4
袍,2
袎,4
袒,3
袖,4
袗,3
袚,2
衮,3
袟,4
袟,4
帙,4
袢,4
袤,4
袪,1
被,4
袮,3
袮,5
袱,2
袲,2
裤,4
衽,4
袷,2
袷,1
袺,2
袼,1
袽,2
袿,4
裀,1
裁,2
裂,4
裇,1
裉,4
袅,3
裋,4
夹,2
裍,3
裎,2
裎,3
里,3
裒,2
裔,4
裕,4
裘,2
裘,2
裙,2
裛,4
补,3
装,1
裟,1
裙,2
里,3
裨,2
裨,4
裨,2
裩,1
裯,2
裰,1
裱,3
裲,3
裳,2
裳,5
裴,2
裴,2
裴,2
裸,3
裹,3
裼,4
裼,1
制,4
裾,1
褀,2
褂,4
复,4
褉,1
褊,3
裈,1
褎,4
褏,4
褐,4
褒,1
褓,3
褔,4
褕,2
袆,1
褙,4
褚,3
褚,3
褟,1
褡,1
褢,2
褥,4
褦,4
褧,3
褪,4
褪,4
褫,3
袅,3
褯,4
褰,1
褱,2
裤,4
裢,2
褵,2
褶,2
褶,3
褛,3
亵,4
褽,4
褾,3
襁,3
褒,1
襄,1
襄,1
襆,2
裥,3
裥,3
襋,2
襌,1
杂,2
袯,2
袄,3
襚,4
襛,2
襜,1
裣,3
襞,4
襟,1
裆,1
襡,2
袒,3
襢,4
褴,2
襥,2
襦,2
袜,4
襫,4
䙓,3
襭,2
襮,2
衬,4
袭,2
襕,2
襶,4
襻,4
襼,4
襽,2
襾,4
西,1
西,1
要,1
要,4
覂,3
覃,2
覃,2
覃,2
覅,4
复,4
覆,4
霸,4
核,2
覉,1
羁,1
见,4
见,4
覌,1
觃,4
规,1
覐,4
覐,2
觅,4
觅,4
视,4
覗,1
觇,1
覚,2
覜,4
觋,2
覤,4
觍,3
觎,2
覧,3
睹,3
亲,1
亲,4
觊,4
觏,4
覰,4
觐,4
観,1
觑,4
觉,4
觉,2
览,3
觌,2
观,4
观,1
观,4
角,2
角,3
角,2
觔,1
粗,1
觖,2
觚,1
觜,1
觜,3
觝,3
觡,2
解,4
解,3
解,4
解,4
觥,1
觧,3
觧,4
觧,4
觩,2
觫,4
觭,1
觱,4
觳,2
觞,1
觵,1
觯,4
觷,2
触,4
觺,2
觼,2
觽,1
觾,4
觿,1
言,2
讠,2
订,4
讣,4
訄,2
訇,1
訇,1
计,4
计,4
讯,4
讧,4
讨,3
𬣙,1
讦,2
訑,2
讱,4
训,4
讪,4
讫,4
托,1
记,4
讹,2
讶,4
讼,4
䜣,1
诀,2
讷,4
訧,2
访,3
訬,1
设,4
许,3
许,3
訳,4
诉,4
诃,1
訹,4
诊,3
注,4
证,4
訾,1
訾,1
訾,3
𧮪,1
诂,3
詅,2
诋,3
詈,4
詊,4
讵,4
诈,4
詑,2
诒,2
诏,4
评,2
诐,4
诇,4
诎,1
诅,3
𬣞,3
词,2
咏,3
诩,3
询,2
诣,4
试,4
察,2
詨,1
诗,1
诗,1
诧,4
诟,4
诡,3
诠,2
诘,2
话,4
该,1
详,2
诜,1
酬,2
詸,2
詹,1
詹,1
詻,4
诙,1
诖,4
誂,3
誃,3
诔,3
诛,1
诓,1
夸,1
誋,4
志,4
认,4
诳,2
诶,1
诶,2
诶,3
诶,4
诶,1
誓,4
诞,4
悖,4
诱,4
誙,1
诮,4
语,3
语,4
诚,2
诫,4
诬,1
误,4
诰,4
诵,4
誧,3
诲,4
说,4
说,1
说,1
読,2
誯,4
谁,2
课,4
谇,4
诽,3
谊,4
訚,2
訚,2
调,4
调,2
谄,3
谆,1
諆,1
谈,2
谈,2
诿,3
请,3
諌,4
诤,4
诹,1
愆,1
诼,2
谅,4
諕,2
论,2
论,4
谂,3
话,4
谀,2
谍,2
谞,1
谝,3
𬤊,4
喧,1
谥,4
诨,4
谔,4
谛,4
谐,2
谏,4
谏,4
谕,4
谘,1
讳,4
谙,1
𫍯,2
諵,2
谌,2
谌,2
讽,3
诸,1
诸,1
谚,4
谖,1
诺,4
谋,2
谒,4
谓,4
谓,4
誊,2
诌,1
謆,4
謇,3
谎,3
謋,4
歌,1
謍,2
谜,4
谜,2
𫍲,3
𫍲,3
谧,4
謑,4
谑,4
谡,4
谤,4
谦,1
谥,4
谥,4
讲,3
谢,4
谢,4
谣,2
謡,2
謦,4
谟,2
谟,2
謪,1
谪,2
谬,4
谫,3
讴,1
謷,2
谨,3
謼,1
谩,2
谩,4
哗,2
譅,4
嘻,1
譈,4
证,4
譊,2
讹,2
谲,2
讥,1
譒,4
撰,4
谮,4
识,2
识,4
谯,2
谯,2
谯,4
谭,2
谭,2
谱,3
𫍽,1
噪,4
譡,3
譢,4
警,3
譩,1
谵,1
譬,4
毁,3
译,4
议,4
譱,4
譲,4
谴,3
譶,4
护,4
诪,1
譹,2
誉,4
譾,3
读,4
读,2
谪,2
赞,4
谉,3
讆,4
讇,3
变,4
詟,2
䜩,4
仇,2
雠,2
讏,4
仇,2
讐,2
谗,2
让,4
谰,2
谶,4
讘,4
欢,1
赞,4
谠,3
谳,4
𮙋,2
讬,1
谷,3
谷,3
谽,1
溪,1
豁,2
豁,1
豁,4
豅,2
豆,4
豇,1
岂,3
岂,3
豉,3
豊,1
豊,3
豋,1
豌,1
豍,1
竖,4
豏,4
丰,1
丰,1
豑,4
艳,4
艳,4
豕,3
豖,4
豗,1
豚,2
豜,1
豝,1
豞,4
象,4
豢,4
豣,1
豦,2
豨,1
豪,2
豫,4
豫,4
猪,1
豭,1
豱,1
豳,1
豵,1
豮,2
豷,4
豸,4
豹,4
豺,2
豻,4
豻,4
貂,1
貅,1
貆,2
貉,2
貉,4
貊,4
貌,4
狸,2
猊,2
猫,1
猫,2
貔,2
貘,4
䝙,1
獾,1
貜,2
贝,4
贝,4
贞,1
贠,2
负,4
财,2
贡,4
贡,4
貤,2
贫,2
货,4
贩,4
贪,1
贯,4
责,2
贮,4
贳,4
赀,1
贰,4
贵,4
贵,4
贬,3
买,3
贷,4
贶,4
费,4
费,4
贴,1
贻,2
贸,4
贺,4
贺,4
贲,1
贲,1
贲,4
赂,4
赁,4
贿,4
赅,1
赅,1
资,1
贾,3
贾,3
恤,4
贼,2
賌,1
賏,4
赈,4
赊,1
宾,1
赇,2
赒,1
赉,4
赞,4
赐,4
賝,1
赏,3
赔,2
赓,1
贤,2
卖,4
贱,4
賥,4
赋,4
赕,3
賨,2
质,4
赍,1
账,4
赌,3
賮,4
赖,4
赖,4
赗,4
赍,1
剩,4
赚,4
赚,4
赙,4
购,4
赛,4
赜,2
贽,4
赘,4
赟,1
赠,4
贉,3
赞,4
赝,4
赡,4
赢,2
赆,4
赣,4
赃,1
赑,4
贕,2
赎,2
赝,4
赣,4
赃,1
赤,4
赦,4
赧,3
赩,4
赫,4
赫,4
赪,1
赭,3
赯,2
走,3
赱,3
赳,1
赴,4
起,3
赸,4
趁,4
趁,4
趄,1
趄,4
超,1
越,4
越,4
趐,4
趑,1
趒,2
趔,4
赶,3
赵,4
赵,4
趟,1
趟,4
趡,3
趣,4
趦,1
趋,1
趫,2
趮,4
趯,4
趯,4
趱,3
足,4
足,2
趴,1
趵,4
趷,1
趹,2
趺,1
趼,3
趾,3
趿,1
跁,2
跂,1
跂,2
跂,3
跂,4
跂,1
跅,4
跆,2
跋,2
跌,1
跍,1
跎,2
跏,1
跐,3
跑,2
跑,3
跕,2
跖,2
跗,1
跙,3
跚,1
跛,3
距,4
跟,1
迹,4
跣,3
跤,1
跺,4
跦,1
跧,2
跨,4
跩,3
跪,4
跫,2
跬,3
跮,4
路,4
路,4
跱,4
跲,2
跳,4
踩,3
跺,4
局,2
跽,4
胫,4
踅,4
踅,2
踆,1
踈,1
踉,2
踉,4
踊,3
踋,3
踏,1
踏,4
践,4
踒,1
踔,1
踖,2
踘,1
踜,4
踝,2
踞,4
踟,2
踠,3
踡,2
踢,1
踣,2
踤,4
踥,4
踦,3
踧,4
踩,3
踪,1
碰,4
踮,3
逾,2
踱,2
踊,3
踵,3
踶,4
踹,4
踺,4
踼,2
踽,3
蹀,2
蹁,2
蹂,2
蹄,2
蹅,3
蹇,3
蹇,3
蹈,3
蹉,1
蹊,1
蹊,1
蹋,4
跄,1
跄,4
蹎,1
蹄,2
蹐,2
蹓,4
暂,4
跸,4
蹙,4
蹚,1
蹜,1
蹝,3
迹,4
跖,2
蹡,1
𬧀,4
蹢,2
蹒,2
踪,1
蹦,4
蹧,1
蹩,2
蹪,2
蹬,1
蹬,4
蹭,4
蹮,1
蹯,2
蹲,1
蹴,4
蹴,4
蹶,2
蹶,3
跷,1
跷,1
蹼,3
蹽,1
蹾,1
躁,4
跶,1
躃,4
躄,4
躅,2
躇,2
趸,3
踌,2
跻,1
跃,4
躐,4
踯,2
跞,4
踬,4
躔,2
蹰,2
躗,4
𨀁,2
躙,4
跹,1
躛,4
𨅬,2
躞,4
躠,4
蹑,4
躣,2
蹿,1
躜,1
躧,3
躩,2
躏,4
身,1
躬,1
耽,1
躰,3
躲,3
躬,1
裸,3
躹,1
躺,3
躯,1
軃,3
軆,3
车,1
车,1
车,1
轧,4
轧,2
轧,4
轧,2
轨,3
军,1
𫐄,4
轩,1
轩,1
轫,4
軖,2
軘,2
軚,4
轭,4
軜,4
𬨂,2
软,3
軠,2
軡,2
転,3
轷,1
軥,2
軨,2
轸,3
軭,1
軱,1
轱,1
軶,4
軷,2
轴,2
轴,4
轵,3
轺,2
轲,1
轲,3
轶,4
軽,1
轼,4
軿,2
輀,2
輂,2
较,4
辂,4
辁,2
辀,1
载,3
载,4
轾,4
𪨶,1
辄,2
挽,3
辅,3
轻,1
𫐐,2
辄,2
辆,4
辎,1
辉,1
辋,3
辍,4
輠,3
輣,2
輤,4
辊,3
辇,3
辈,4
轮,2
輫,2
辌,2
软,3
𫐓,2
辑,2
辏,4
輴,1
輵,2
𬨎,2
输,1
輹,4
辐,2
輼,1
辗,3
舆,2
辒,1
毂,1
毂,3
辖,2
辕,2
辘,4
轇,1
转,3
转,3
转,4
辙,2
轿,4
轏,4
轑,3
轒,2
辚,2
轕,2
轖,4
𫐘,3
轘,4
轙,3
轜,2
轝,2
轞,4
轰,1
辔,4
轹,4
轳,2
辛,1
辛,1
辜,1
辜,1
辟,4
辟,4
罪,4
辣,4
辣,4
辞,2
办,4
辨,4
辞,2
辫,4
辩,4
辰,2
辱,3
农,2
农,2
农,2
辵,4
辶,4
辺,1
辻,2
込,5
辿,1
迂,1
迄,4
迅,4
迆,2
迆,3
迋,4
迍,1
迎,2
迏,2
近,4
迓,4
返,3
迕,3
迢,2
迣,4
迤,2
迤,3
迥,3
迦,1
迨,4
迪,2
迫,3
迫,4
迭,2
迮,2
述,4
回,2
迶,4
迷,2
迸,4
迹,4
迺,3
迻,2
追,1
追,1
迿,4
退,4
送,4
适,4
逃,2
逄,2
逅,4
逆,4
迥,3
逋,1
逌,2
逍,1
透,4
逐,2
逑,2
逓,4
途,2
迳,4
逖,4
逗,4
这,4
这,4
通,1
通,4
逛,4
逝,4
逞,3
速,4
造,4
逡,1
逢,2
连,2
连,2
回,2
奔,1
逭,4
逮,3
逮,4
逯,4
逯,4
周,1
进,4
逴,4
逵,2
逶,1
逸,4
逹,2
逺,3
逼,1
逾,2
逿,4
遁,4
遂,2
遂,4
遄,2
遅,2
遇,4
遇,4
侦,1
游,2
运,4
遍,4
过,1
过,4
过,5
遏,4
遐,2
遑,2
遒,2
道,4
达,2
达,2
违,2
遘,4
遥,2
遛,2
遛,4
逊,4
遝,4
递,4
遟,2
远,3
远,4
溯,4
遢,1
遣,3
遨,2
适,4
适,4
遫,4
遭,1
遮,1
遁,4
遰,4
迟,2
迟,2
遴,2
遴,2
遵,1
绕,4
迁,1
选,3
遹,4
遹,4
遗,2
遻,4
辽,2
辽,2
遽,4
避,4
邀,1
迈,4
邂,4
邃,4
还,2
还,2
还,2
邅,1
邆,2
迩,3
邈,3
邉,1
边,1
边,5
邋,1
邎,2
逻,2
逦,3
邑,4
邕,1
邕,1
邗,2
邘,2
邘,2
邙,2
邛,2
邠,1
邠,1
邡,1
邢,2
那,1
那,2
那,3
那,4
那,2
邦,1
邧,2
村,1
邨,1
邪,2
邯,2
邰,2
邱,1
邱,1
邲,4
邳,1
邳,1
邴,3
邴,3
邵,4
邶,4
邷,3
邷,3
邸,3
邸,3
邽,1
邾,1
邾,1
邿,1
郁,4
郁,4
郃,2
郄,4
郄,4
郅,4
郅,4
郇,2
郈,4
郊,1
郊,1
郎,2
郎,2
郔,2
郕,2
郗,1
郙,3
郚,2
郛,2
郜,4
郝,3
郞,2
郞,2
郏,2
郠,3
郡,4
郢,3
郤,4
郤,4
部,4
郪,1
郫,2
郭,1
郭,1
郯,2
郰,1
郲,2
郳,2
郴,1
邮,2
郷,1
郹,2
都,1
都,1
都,1
郾,3
郿,2
鄀,4
鄂,4
鄄,4
鄅,3
郓,4
鄇,4
鄈,2
乡,1
鄋,1
鄍,2
鄎,4
鄏,4
鄐,4
鄑,1
邹,1
邬,1
鄕,1
郧,2
鄗,4
鄘,1
鄙,3
鄚,4
鄜,1
鄞,2
鄠,4
鄢,1
鄣,1
鄤,4
鄦,3
鄦,3
邓,4
𬩽,2
鄫,1
鄬,2
郑,4
郑,4
鄮,4
鄯,4
邻,2
鄱,2
郸,1
邺,4
鄵,4
郐,4
鄷,1
鄹,1
邝,4
鄻,3
鄾,1
鄿,2
酃,2
酅,1
酆,1
酂,4
郦,4
酉,3
酊,1
酊,3
酋,2
酌,2
配,4
酎,4
酏,2
酐,1
酒,3
酔,4
酕,2
酖,1
酖,4
酗,4
酚,1
酞,4
酡,2
酢,4
酢,4
酣,1
酤,1
酥,1
酬,2
酩,3
酪,4
酬,2
酮,2
酯,3
酰,1
酲,2
酴,2
酵,4
酶,2
酷,4
酸,1
酹,4
酺,2
醁,4
醂,2
腌,1
醄,2
醅,1
醆,3
醇,2
醉,4
醊,4
醋,4
醌,1
醍,2
醐,2
醑,3
醒,3
醓,3
醇,2
醖,4
醚,2
醛,2
丑,3
醝,2
酝,4
醟,4
醡,4
醢,3
醣,2
醤,4
醨,2
醪,2
医,1
酱,4
醭,2
醮,4
醯,1
醰,2
酦,1
酦,1
𬪩,2
醳,4
醴,3
醵,4
醸,4
醹,2
醺,1
酬,2
宴,4
醽,2
醾,2
酿,4
衅,4
釂,4
酾,1
酽,4
釆,4
采,3
采,4
釈,4
釉,4
释,4
里,3
里,3
重,2
重,4
野,3
量,2
量,4
厘,2
厘,2
金,1
金,1
钆,2
钇,3
钌,3
钌,4
钊,1
钉,1
钉,4
钋,1
釜,3
针,1
釡,3
釢,3
钓,4
钐,1
钐,4
扣,4
钏,4
钏,4
钒,2
釪,2
焊,4
釭,1
釱,4
𨰿,4
钗,1
钍,3
釸,1
钕,3
钎,1
钯,3
钯,2
钫,1
钘,2
钭,3
钭,3
鈆,2
铅,1
𫓧,1
钚,4
钠,4
鈌,2
钝,4
钩,1
钤,2
钣,3
钑,2
钑,4
钞,1
钮,3
钮,3
钧,1
钙,4
鈤,4
钬,3
钛,4
钪,4
鈬,2
鈬,2
铌,2
铈,4
钶,1
铃,2
钴,3
钹,2
铍,2
钰,4
钸,1
钸,4
铀,2
钿,4
钿,2
钾,3
鉄,3
鉄,4
钜,4
鉆,1
铊,1
铉,4
𬬿,1
铇,4
鉌,2
铋,4
鉏,2
铂,2
钷,3
钳,2
铆,3
铅,1
铅,2
𫟷,4
钺,4
鉠,1
钵,1
钩,1
𬬸,4
钲,1
𬭁,3
鉨,3
鿭,3
钼,4
钽,3
鉱,4
鉲,3
鉳,3
铏,2
铰,3
铒,3
铬,4
鉼,3
鉾,2
铪,1
银,2
铳,4
铜,2
铚,4
銎,1
铣,3
铣,3
铨,2
銕,3
铢,1
铭,2
铫,2
铫,4
铫,2
铦,1
衔,2
銞,1
铑,3
铷,2
銤,3
铱,1
铟,1
銧,1
铵,3
铥,1
铕,3
铯,4
铐,4
銭,2
銰,1
铞,4
焊,4
锐,4
銵,1
𨱇,2
销,1
锈,4
锑,1
锉,4
汞,3
銾,4
铝,3
鋂,2
锒,2
锌,1
鋆,2
钡,4
鋈,4
鋊,4
铤,4
铤,3
鋍,2
铗,2
𬭎,2
鋑,1
锋,1
鋕,4
鋘,2
铻,2
锊,4
锓,2
鋡,2
铘,2
锄,2
锃,4
锔,1
锔,2
锇,2
铓,2
铺,1
铺,4
鋬,4
鋭,4
铖,2
锆,4
锂,3
铽,4
鋳,4
锯,1
锯,4
𬬮,3
鋺,3
鉴,4
钢,1
𬬭,2
锞,4
录,4
录,4
锖,1
锫,2
锩,4
錍,1
铔,4
锥,1
锕,1
錔,4
锟,1
锤,2
锱,1
铮,1
锛,1
𬭚,2
锬,2
锭,4
锜,2
钱,2
钱,2
𫓹,1
锦,3
锚,2
锠,1
锡,1
錬,4
锢,4
错,4
错,4
録,4
锰,3
錴,4
錵,1
表,3
铼,2
錼,4
锝,2
锨,1
锪,1
鍅,3
钔,2
锴,3
锳,1
鍉,1
炼,4
锅,1
镀,4
鍏,2
鍐,1
锷,4
铡,2
钖,2
锻,4
锽,2
锸,1
锲,4
锘,4
鍪,2
锹,1
锹,1
𬭤,2
锾,2
鍱,4
鉴,4
鍴,1
键,4
锶,1
鍹,1
锗,3
针,1
钟,1
钟,1
镁,3
锿,1
镅,2
鎉,4
镑,4
鎋,2
镰,2
鎍,3
鎏,2
鎒,4
𬭩,1
镕,2
锁,3
枪,1
镉,2
锤,2
镈,2
𨱏,3
鎞,4
镃,1
钨,1
蓥,2
鎤,3
镏,2
镏,4
铠,3
铩,1
锼,1
镐,3
镐,4
鎭,4
镇,4
𨱍,2
镒,4
镋,3
镍,4
鎴,2
镓,1
鿔,1
鎸,1
鎹,5
锁,3
镎,2
鏁,3
镞,2
镟,4
链,4
鏊,4
镆,4
镠,2
镝,1
镝,2
鏖,2
铿,1
锵,1
鏚,1
镗,1
镘,4
镛,1
铲,3
鏠,1
镜,4
镖,1
镂,4
鏦,1
錾,4
镚,4
铧,2
镤,2
鏸,4
镪,1
镪,3
𬭸,2
锈,4
鏾,3
铙,2
𨱑,2
𫔍,2
𨱔,1
镣,4
铹,2
镦,1
镡,2
镡,2
鐗,3
钟,1
镫,4
镢,2
镨,3
鐡,3
锎,1
锏,3
镄,4
𬭼,4
镌,1
镰,2
鐱,4
镯,2
镭,2
铁,3
铁,3
镮,2
铎,2
铎,2
铛,1
铛,1
鐻,4
𫟼,2
鐾,4
镱,4
鑀,4
铸,4
鑅,2
镬,4
镔,1
鑐,1
鉴,4
鉴,4
镲,3
锧,4
钻,4
矿,4
镴,4
铄,4
鑢,4
鑢,4
镳,1
刨,4
镥,3
炉,2
𬬻,2
鑫,1
镧,2
鑯,1
钥,4
镵,2
镶,1
鑳,4
鑴,4
罐,4
鑶,2
镊,4
镩,1
锣,2
钻,1
钻,4
銮,2
凿,2
䦆,2
镋,3
钃,3
锺,1
长,2
长,3
镸,2
镻,2
门,2
门,2
闩,1
闪,3
闪,3
闫,2
閇,4
闬,4
闭,4
开,1
闶,1
闳,2
闳,2
闰,4
闲,2
閒,1
閒,4
闲,2
间,1
间,4
闵,3
闵,3
閗,4
闸,2
闹,4
閛,1
閟,4
阂,2
関,1
阁,2
合,2
𬮤,2
𬮤,2
阀,2
閦,4
哄,4
闺,1
闽,3
阃,3
阆,2
阆,4
闾,2
阅,4
閲,4
閳,3
阊,1
阉,1
閺,2
阎,2
阎,2
阏,4
阏,1
阍,1
阈,4
阌,2
闁,1
阒,4
板,3
板,4
暗,4
闱,2
𬮱,1
𬮱,1
阔,4
阕,4
阑,2
阇,1
阇,2
阗,2
𫔶,4
阘,4
闿,3
阖,2
阙,4
阙,1
阙,4
闯,3
闗,1
闘,4
窥,1
关,1
关,1
阚,4
阚,4
闟,1
阓,4
阐,3
辟,4
阛,2
闼,4
阜,4
阞,4
阡,1
阢,4
阤,2
阨,4
阪,3
坑,1
阮,3
阮,3
址,3
阰,2
阱,3
防,2
阹,1
阻,3
阼,4
阽,4
阿,1
阿,1
阿,1
陀,2
陁,2
陂,1
陂,1
附,4
陋,4
陌,4
降,4
降,2
陎,1
陏,2
限,4
陑,2
陔,1
陖,4
峭,4
陉,2
陛,4
陜,2
陕,3
升,1
陟,4
陡,3
院,4
阵,4
除,2
陥,4
陪,2
陬,1
阴,1
阴,1
陲,2
陈,2
陈,2
陴,2
陵,2
陶,2
陶,2
陷,4
陆,4
陆,4
陆,4
険,3
堙,1
陼,3
阳,2
陾,2
狭,2
阴,1
隃,2
堤,1
隅,2
隆,2
隆,1
隆,2
隈,1
陧,4
队,4
隋,2
隍,2
阶,1
隒,3
隔,2
陨,3
坞,4
隗,2
隗,3
隗,3
隘,4
隙,4
际,4
障,4
隞,2
隟,4
隠,3
邻,2
𬯎,2
隧,4
随,2
随,2
隩,4
险,3
𬯀,1
隰,2
隰,2
隐,3
隐,4
隳,1
陇,3
隶,4
隶,4
隹,1
只,1
隼,3
雀,1
雀,4
雁,4
雂,2
雄,2
雅,3
集,2
雇,4
雈,2
雉,4
雊,4
隽,4
隽,4
隽,4
雌,2
雍,1
雍,1
雎,1
雑,2
雒,4
雕,1
虽,1
雗,4
雘,4
双,1
双,1
雚,4
雚,2
雏,2
杂,2
雍,1
鸡,1
雟,2
离,2
离,2
难,2
难,4
雨,3
雨,4
雩,2
雪,3
雪,3
雯,2
雰,1
雱,1
云,2
云,2
零,2
雷,2
雷,2
雹,2
电,4
需,1
霂,4
霄,1
霅,2
霅,2
霆,2
震,4
霈,4
霉,2
霊,2
霍,4
霍,4
霎,4
霏,1
沾,1
霒,1
霓,2
霖,2
霙,1
霛,2
霜,1
霝,2
霞,2
霡,4
霢,4
霣,3
霤,4
雾,4
霨,4
霩,4
霪,2
霫,2
霮,4
霰,4
露,4
露,4
露,4
霸,4
霹,1
霺,1
霁,4
霾,2
靁,2
雳,4
霭,3
叇,4
灵,2
叆,4
靐,4
靑,1
青,1
青,1
靖,4
靖,4
靓,4
靓,4
靛,4
静,4
靔,1
非,1
非,1
靠,4
靡,2
靡,3
面,4
靣,4
䩄,3
腼,3
靥,4
革,2
靪,1
靬,1
韧,4
靮,2
靰,4
韧,4
靲,2
靳,4
靳,4
靴,1
靶,3
靷,3
靸,3
靺,4
靼,2
靿,4
鼗,2
鞁,4
鞃,2
鞄,2
鞅,1
鞅,4
鞇,1
鞉,2
鞋,2
鞌,1
鞍,1
鞍,1
巩,3
巩,3
鞗,2
鞘,4
鞙,4
鞚,4
鞝,4
鞝,3
鞞,3
鞠,1
鞠,1
鞡,5
鞣,2
鞥,1
秋,1
鞧,1
鞨,2
鞫,1
鞬,1
鞭,1
鞮,1
鞮,1
鞲,1
鞴,4
鞋,2
鞶,2
鞹,4
鞒,2
靴,1
韀,1
缰,1
韂,4
鞑,2
韅,3
千,1
袜,4
鞯,1
韦,2
韦,2
韧,4
韨,2
韎,4
韩,2
韔,4
韖,2
韘,4
韪,3
韛,4
韬,1
韝,1
韫,4
韡,3
韣,2
袜,4
韭,3
韭,3
韱,1
音,1
韶,2
韶,2
韹,2
韺,1
韵,4
响,3
頀,4
页,2
页,4
顶,3
顷,1
顷,3
頄,2
项,4
项,4
顺,4
顸,1
须,1
顼,1
顼,1
颂,4
𫠆,3
颀,2
颃,2
预,4
顽,2
颁,1
顿,4
𬱖,2
頖,4
颇,1
颇,1
领,3
頚,3
颌,2
頞,4
额,2
𬱟,3
颉,2
颉,2
颉,2
颐,2
颏,1
颏,2
𫖯,3
頬,2
头,2
头,5
頯,2
颊,2
颋,3
頳,1
颕,3
颔,4
颈,3
颈,3
颓,2
频,2
赖,4
颓,2
颗,1
悴,4
腮,1
题,2
题,2
额,2
颚,4
颜,2
颜,2
顑,3
颙,2
颛,1
颛,1
颜,2
顕,3
𫖮,3
愿,4
颡,3
顚,1
颠,1
顜,3
类,4
颟,1
顣,1
颢,4
憔,2
顾,4
顾,4
颤,4
颥,2
显,3
颦,2
颅,2
颞,4
颧,2
风,1
飐,3
飑,1
飒,4
台,2
刮,1
飓,4
飔,1
飏,2
飖,2
飕,1
颽,3
𩙫,1
帆,1
飗,2
飂,2
飘,1
飘,1
飙,1
飚,1
飌,1
飞,1
翻,1
食,2
食,4
饣,2
飡,1
饥,1
饤,4
饲,4
饦,1
飧,1
饨,2
饪,4
饫,4
飬,4
飬,3
饬,4
飮,3
饭,4
飰,4
飧,1
饮,3
饮,4
饴,2
飶,4
饲,4
饱,3
饰,4
饳,4
餀,4
饪,4
餂,3
饺,3
饸,2
饼,3
餇,2
餈,2
饷,3
养,3
餋,4
饵,3
饹,1
饹,5
餐,1
饽,1
馁,3
饿,4
哺,1
𫗦,4
馂,4
饾,4
𫗧,4
余,2
馀,2
馀,2
肴,2
馄,2
馃,3
饯,4
餟,4
餠,3
馅,4
餤,2
喂,4
馆,3
餩,4
餪,3
餫,2
糊,2
餮,4
餯,4
糇,2
餲,4
餲,2
饧,2
喂,4
馉,3
馇,1
馇,5
𩠌,4
糖,2
馎,2
糕,1
饩,4
馈,4
馏,2
馏,4
馊,1
馌,4
馍,2
饄,2
馒,2
𱃲,4
馐,1
馑,3
馓,3
馈,4
馔,4
膳,4
饎,4
饐,4
饥,1
饶,2
饶,2
饔,1
饕,1
飨,3
𫗴,1
饙,1
餍,4
馍,2
馋,2
饷,3
馕,2
馕,3
首,3
馗,2
馘,2
香,1
馝,4
馡,1
馣,3
馥,4
馨,1
马,3
马,3
驭,4
冯,2
冯,2
馯,4
驮,4
驮,2
馲,1
驰,2
驯,4
馵,4
驲,4
驴,2
驳,2
𫘝,2
𫘝,4
駄,2
駅,4
駆,1
驱,1
𬳶,1
駋,1
驻,4
驽,2
驹,1
𬳵,1
驵,3
驾,4
驾,4
駗,1
骀,2
驸,4
驶,3
駜,4
驼,2
驼,2
驷,4
駠,2
骂,4
骈,2
骈,2
𬳽,1
駬,3
骇,4
驳,2
駯,1
骃,1
骆,4
骆,4
駴,4
駵,2
骎,1
駹,2
駻,4
𬳿,2
駽,4
駾,4
骏,4
骋,3
骍,1
騃,2
𫘧,4
骓,1
骓,1
騆,1
騇,4
騉,1
𫘦,2
騋,2
骔,1
骒,4
骑,4
骑,2
骐,2
验,4
騑,1
騒,1
験,4
騕,3
骛,4
騗,4
騘,1
骗,4
𫘨,2
騢,2
鬃,1
骙,2
䯄,1
骞,1
骘,4
骝,2
腾,2
𫘬,2
𫘪,2
驺,1
驺,1
骚,1
骟,4
騺,4
骡,2
蓦,4
骜,4
骖,1
骠,4
骢,1
驱,1
驆,4
驈,4
骅,2
骕,4
骁,1
𬴊,2
骣,3
驒,2
驔,4
骄,1
驖,3
验,4
骡,2
驙,1
惊,1
驿,4
骤,4
驴,2
骧,1
骥,4
骦,1
欢,1
骊,2
骉,1
骨,3
骫,3
骭,4
肮,1
骰,2
骱,4
骴,1
骶,3
骷,1
骸,2
骹,1
骺,2
骼,2
腿,3
鲠,3
髀,4
髁,1
髂,4
髄,3
髆,2
膀,3
髍,2
髎,2
髅,2
髇,1
髑,2
脏,1
髓,3
体,1
体,3
髌,4
髋,1
高,1
高,1
髙,1
髝,2
髞,4
髟,1
髠,1
髡,1
髢,2
髣,3
髯,2
髦,2
髧,4
髨,1
髩,4
髪,4
髫,2
髭,1
发,4
髯,2
髲,4
髳,2
佛,2
髹,1
髺,4
髻,4
髽,1
髾,1
剃,4
鬁,4
鬃,1
鬄,2
鬄,4
鬅,2
松,1
鬈,2
鬃,1
鬋,1
胡,2
鬎,4
鬏,1
鬐,2
鬑,2
鬒,3
鬖,1
鬗,4
鬘,2
鬙,1
须,1
鬟,2
鬠,4
鬓,4
鬣,4
斗,4
斗,4
闹,4
哄,4
阋,4
斗,4
鬫,4
鬬,4
斗,4
阄,1
鬯,4
郁,4
郁,4
郁,4
鬲,2
鬲,2
鬲,4
鬴,3
鬵,2
鬷,1
鬻,4
鬼,3
魀,4
魁,2
魂,2
魃,2
魄,4
魅,4
魆,1
魈,1
魊,4
魋,2
魌,1
魍,3
魉,3
魏,4
魏,4
魑,1
魔,2
魖,1
魇,3
鱼,2
鱼,2
鱽,1
𫚉,2
魠,1
鱾,3
魣,2
魦,1
鲀,2
魬,3
魭,2
鲁,3
鲁,3
鲂,2
魵,2
鱿,2
魸,4
鲄,2
魾,1
𬶍,2
鲅,4
鲆,2
𫚒,2
𫚖,4
𬶋,1
鲌,2
鲉,2
鲧,3
鲏,2
鲇,2
鲐,2
鲍,4
鲍,4
鲋,4
鲊,3
鲒,2
鲘,4
鲕,2
𩽾,1
𬶏,2
𬶐,4
䲟,4
鲖,2
鮨,2
鲔,3
鲛,1
鲑,1
鲜,1
鲜,3
鲪,1
𩾃,3
鲝,3
鮻,1
鮿,2
鲧,3
鲠,3
𩾁,2
鯆,3
鲩,4
鯈,2
鲤,3
鲨,1
鲻,1
鲯,2
鲭,1
鲭,1
鲞,3
鯙,2
鲷,1
鲴,4
𱇭,2
鲱,1
鲵,2
鲲,1
鯥,4
鲳,1
鲸,1
鲮,2
鲰,1
鲰,1
鯮,1
鲶,2
鳀,2
鯸,2
鲫,4
鳊,1
鳈,2
鲗,2
鰅,2
䲠,1
鲽,2
鳇,2
鰋,3
鳅,1
鲾,1
鳄,4
鳆,4
鳃,1
鰕,1
鰛,1
鳒,1
鳑,2
鲥,2
𫚕,1
鳏,1
鰦,1
鳎,3
鳐,2
鰫,2
鳍,2
鳁,1
鲢,2
鳌,2
鳓,4
鳘,3
𬶭,4
鲦,2
鲣,1
鲹,1
鳗,2
鳛,2
鰽,2
鳔,4
𬶨,4
鱄,1
鱄,1
鳙,1
𫠒,1
𩾌,1
鳕,3
鳖,1
鱎,3
鱐,4
鳟,1
鳝,4
鳝,4
鳜,4
鳞,2
鲟,2
鲼,4
鲎,4
鲙,4
鳣,4
鳣,1
鳡,3
鱥,4
鳢,3
鲿,2
鲚,4
鱮,4
鳠,4
𫚭,4
鱵,1
鳄,4
鲈,2
鲡,2
鲜,1
鲜,3
鸟,3
鸟,3
鳦,3
凫,2
鸠,1
鳫,4
凫,2
鳯,4
鸤,1
凤,4
凤,4
鸣,2
鸢,1
鳷,1
鳻,1
鳽,2
䴓,1
鴂,2
鴃,2
鴄,1
鸩,4
鸨,3
雁,4
鸦,1
鴎,1
鸰,2
𫛡,2
鸵,2
鴗,4
鸳,1
𪉈,2
鸲,2
鸮,1
鸱,1
鴠,4
鴢,4
鸪,1
鴥,4
鸯,1
鸭,1
鴪,4
鸸,2
鸹,1
鴳,4
鸻,2
䴕,4
鸿,2
鴽,2
鸽,1
鵀,4
䴔,1
鸺,1
鸼,1
𬷕,3
鹀,2
鹃,1
鹆,4
鹁,2
𱉝,1
鵗,1
鵙,2
鹈,2
鹅,2
鹅,2
𫛭,2
鹄,3
鹄,2
鹉,3
鵩,2
鹌,1
鵫,4
鹏,2
鹐,1
鹎,1
雕,1
鹊,4
鵵,4
鸦,1
鹓,1
鵺,4
鵻,1
鹍,1
鶂,4
𱉵,2
鸫,1
鹑,2
鹒,1
鶏,1
𫛶,4
鹋,2
鶕,1
鹙,1
鶗,2
鹕,2
鹗,4
鹖,2
鶤,1
鹛,2
鶦,2
鹜,4
䴗,2
鸧,1
莺,1
𬸣,1
鹟,1
鹤,4
鶵,2
鶸,4
鹠,2
鹡,2
鹘,3
鹘,2
鹣,1
鹚,2
鹚,2
鹢,4
鹞,4
鷃,4
鷄,1
鷇,4
䴘,1
䴘,1
鹝,4
鷏,1
鹧,4
鷕,3
鹥,1
鸥,1
鸷,4
鹨,4
鷞,1
𬸦,2
鸶,1
鹪,1
鷩,4
鹔,4
鷬,2
𬸪,2
鹩,2
燕,4
鹫,4
鹇,2
鹇,2
鹬,4
鹰,1
鹭,4
鸴,2
鷾,4
䴙,4
鸁,2
㶉,1
鹯,1
䴙,4
鹱,4
莺,1
鹲,2
鸐,2
𬸚,4
鸒,2
鸓,3
鸬,2
鸖,4
鹴,1
鹦,1
鹳,4
鸜,2
鹂,2
鸾,2
卤,3
鹸,3
咸,2
鹾,2
碱,3
碱,3
盐,2
鹿,4
麀,1
麁,1
麂,3
麃,1
麃,2
麄,1
麅,2
麇,1
麇,2
麈,3
麋,2
麋,2
麌,2
麟,2
麑,2
麒,2
麓,4
麕,1
麖,1
丽,2
丽,4
麚,1
麛,2
麝,4
獐,1
麟,2
麠,1
麣,2
粗,1
麦,4
麦,4
麸,1
面,4
麫,4
麭,4
麮,4
曲,1
麰,2
曲,1
麴,1
麹,1
面,4
麺,4
麻,2
麻,2
么,2
么,5
么,5
麽,2
么,5
麾,1
麿,3
黀,1
黁,2
黄,2
黄,2
黇,1
黈,3
黉,2
黍,3
黎,2
黎,2
黏,2
黐,1
黑,1
黑,1
黒,1
黓,4
黔,2
黕,3
黗,1
默,4
黙,4
黛,4
黜,4
黝,3
点,3
黟,1
黠,2
黢,1
黥,2
黥,2
黦,4
黧,2
党,3
党,3
黮,2
黯,4
黰,3
黱,4
黪,3
霉,2
黡,3
黩,2
黹,3
黻,2
黼,3
黾,3
黾,3
鼋,2
鼂,2
鼂,2
蛙,1
鼄,1
鼅,1
鳌,2
鳖,1
鼍,2
鼎,3
鼏,4
鼐,4
鼒,1
鼓,3
冬,1
冬,1
鼖,2
鼗,2
鼙,2
鼚,1
鼛,1
鼟,1
鼠,3
鼡,3
鼢,2
鼩,2
鼪,1
鼫,2
鼬,4
鼭,2
鼯,2
鼱,1
鼹,3
鼷,1
鼻,2
鼽,2
鼾,1
齁,1
齆,4
齇,1
齈,2
齉,4
齐,2
齐,2
斋,1
齌,4
赍,1
齑,1
齿,3
龀,4
龁,2
龂,2
龅,1
齚,2
龇,1
齞,4
龃,3
龆,2
龄,2
齢,2
出,1
龈,3
龈,2
啮,4
啮,4
咬,3
龊,4
龉,3
𬺈,3
𬺈,3
𫠜,2
齰,2
齱,1
龋,3
齵,2
腭,4
龌,4
齾,4
龙,2
龙,2
厐,2
庞,2
庞,2
䶮,3
龒,2
龚,1
龛,1
龖,2
龗,2
龘,2
龟,1
龟,1
龟,1
龝,1
龠,4
龡,4
和,2
龢,2
龤,2
龥,4
龶,5
鿍,4
鿫,4
鿬,2
𠈌,2
𠙶,3
𠩺,1
𠯪,3
𠳐,1
𡳞,4
𥻗,2
𦙶,3
𬭊,4
𬭛,1
𬭶,1
𬭳,3
𱅒,3
𰻝,2
