hanziSimplified,hanziTraditional
%,%
A,A
B,B
P,P
Q,Q
T,T
w,w
□,□
□,□
□,□
○,○
⺮,⺮
々,々
〇,〇
〡,〡
〢,〢
〣,〣
〤,〤
〥,〥
〦,〦
〧,〧
〨,〨
〩,〩
〸,〸
〻,〻
㍻,㍻
㍼,㍼
㍽,㍽
㍾,㍾
㐄,㐄
㐅,㐅
㐆,㐆
㐌,㐌
㐖,㐖
㐜,㐜
㐡,㐡
㐤,㐤
㐫,㐫
㐰,㐰
㐺,㐺
㑊,㑊
㑇,㑳
俊,㑺
㒳,㒳
㒸,㒸
罔,㒺
寇,㓂
㔾,㔾
却,㕁
厨,㕑
参,㕘
㕥,㕥
以,㕥
㕯,㕯
㕻,㕻
㗂,㗂
𪢌,㘓
㘎,㘚
坳,㘭
㘵,㘵
㙍,㙍
㙦,㙦
㚻,㚻
㛂,㛂
㛃,㛃
㝄,㝄
㝇,㝇
宿,㝛
冥,㝠
最,㝡
㝵,㝵
㝵,㝵
㞎,㞎
㞗,㞗
㞙,㞙
𪨊,㞞
岸,㟁
㟃,㟃
岛,㠀
㠇,㠇
以,㠯
帆,㠶
帽,㡌
廉,㢘
迥,㢠
㢲,㢲
㢴,㢴
㣟,㣟
㤅,㤅
恩,㤙
㥁,㥁
㥏,㥏
惬,㥦
㤘,㥮
㥯,㥯
㦂,㦂
㧯,㧯
拿,㧱
㨃,㨃
捷,㨗
晃,㨪
据,㨿
㩐,㩐
携,㩗
㨫,㩜
携,㩦
㧐,㩳
㪃,㪃
㪋,㪋
散,㪚
敦,㪟
㫰,㫰
㫺,㫺
暖,㬉
㬎,㬎
㮎,㮎
㮚,㮚
㮸,㮸
橹,㯭
㯳,㯳
饮,㱃
㱾,㱾
㲈,㲈
㲈,㲈
㲋,㲋
㲱,㲱
㲾,㲾
㳂,㳂
涎,㳄
㳇,㳇
法,㳒
㳘,㳘
㳮,㳮
深,㴱
涧,㵎
㵐,㵐
㵪,㵪
㵮,㵮
㶸,㶸
㷖,㷖
㷭,㷭
烨,㷸
㸌,㸌
㹠,㹠
㹢,㹢
㹴,㹴
㺢,㺢
㺵,㺵
㻬,㻬
㻽,㻽
碗,㼝
留,㽞
㽮,㽮
瘪,㿜
㿝,㿝
㿠,㿠
䂖,䂖
䂲,䂲
䂶,䂶
䃉,䃉
䃎,䃎
䅵,䅵
䇲,䇲
筲,䈰
糊,䊀
䍃,䍃
䍹,䍹
䎃,䎃
䒗,䒗
䓬,䓬
䔢,䔢
䕭,䕭
䕭,䕭
䖟,䖟
䖸,䖸
䗈,䗈
䗥,䗥
䗪,䗪
蜂,䗬
䗶,䗶
恤,䘏
脉,䘑
卒,䘚
词,䛐
䛟,䛟
䝓,䝓
獾,䝔
䞓,䞓
䟆,䟆
䟖,䟖
䠀,䠀
趟,䠀
䠞,䠞
射,䠶
䢺,䢺
䤈,䤈
鿏,䥑
镰,䥥
䥯,䥯
䦉,䦉
䦕,䦕
䩦,䩦
䫏,䫏
飒,䬃
䬠,䬠
䬪,䬪
驮,䭾
䯝,䯝
魂,䰟
鲃,䰾
鳚,䲁
䲔,䲔
鳤,䲘
䳗,䳗
鹅,䳘
䳭,䳭
𬸩,䴈
鹮,䴉
麸,䴸
䵹,䵹
衄,䶊
䶑,䶑
一,一
丁,丁
丁,丁
丂,丂
七,七
丄,丄
丅,丅
丆,丆
万,万
丈,丈
三,三
三,三
上,上
上,上
下,下
丌,丌
丌,丌
丌,丌
不,不
丏,丏
丐,丐
丑,丑
丑,丑
丒,丒
且,且
丕,丕
世,世
世,世
丗,丗
丘,丘
丘,丘
丙,丙
丞,丞
丢,丟
丠,丠
両,両
丣,丣
并,並
丨,丨
丨,丨
丩,丩
丫,丫
中,中
中,中
中,中
丮,丮
丰,丰
丱,丱
丱,丱
串,串
丳,丳
丵,丵
丶,丶
丷,丷
丷,丷
丸,丸
丹,丹
主,主
丼,丼
丼,丼
丿,丿
乀,乀
乀,乀
乂,乂
乃,乃
久,久
乆,乆
乇,乇
乇,乇
幺,么
幺,么
乊,乊
之,之
乍,乍
乎,乎
乏,乏
乑,乑
乒,乒
乓,乓
乕,乕
乖,乖
乗,乗
乘,乘
乘,乘
乘,乘
乙,乙
乙,乙
乚,乚
乛,乛
乜,乜
乜,乜
九,九
乞,乞
也,也
也,也
乢,乢
乣,乣
乤,乤
乥,乥
乧,乧
乨,乨
乩,乩
乪,乪
乫,乫
乭,乭
乳,乳
乴,乴
乶,乶
乷,乷
乸,乸
乾,乹
干,乹
乺,乺
乼,乼
乾,乾
乾,乾
干,乾
干,乾
乿,乿
乿,乿
亀,亀
乾,亁
干,亁
乱,亂
亃,亃
亄,亄
亅,亅
了,了
了,了
亇,亇
予,予
予,予
亊,亊
事,事
二,二
亍,亍
于,于
于,于
亐,亐
云,云
互,互
亓,亓
亓,亓
五,五
井,井
井,井
亖,亖
亘,亙
些,些
亜,亜
亝,亝
斋,亝
亚,亞
亚,亞
亟,亟
亟,亟
亠,亠
亡,亡
亢,亢
亢,亢
交,交
亥,亥
亦,亦
亨,亨
亪,亪
享,享
京,京
京,京
亭,亭
亮,亮
享,亯
夜,亱
亳,亳
亶,亶
亶,亶
廉,亷
亹,亹
亹,亹
人,人
亻,亻
亼,亼
亽,亽
亽,亽
亡,亾
什,什
什,什
仁,仁
仂,仂
仃,仃
仄,仄
仆,仆
仇,仇
仇,仇
仇,仇
仈,仈
仉,仉
今,今
介,介
仌,仌
仍,仍
从,从
仏,仏
仒,仒
仔,仔
仔,仔
仔,仔
仕,仕
他,他
仗,仗
付,付
付,付
仙,仙
仚,仚
仝,仝
仞,仞
仟,仟
仡,仡
仡,仡
代,代
令,令
令,令
令,令
以,以
以,以
仨,仨
仫,仫
仮,仮
仰,仰
仰,仰
仲,仲
仲,仲
仳,仳
仵,仵
仵,仵
件,件
任,任
任,任
份,份
仿,仿
伀,伀
企,企
伄,伄
伇,伇
伈,伈
伉,伉
伊,伊
伊,伊
伋,伋
伍,伍
伍,伍
伎,伎
伏,伏
伏,伏
伐,伐
休,休
休,休
伕,伕
伙,伙
伜,伜
伝,伝
伝,伝
伢,伢
伩,伩
伭,伭
伭,伭
伭,伭
伯,伯
伯,伯
伯,伯
估,估
估,估
伱,伱
伲,伲
伲,伲
伴,伴
伶,伶
伸,伸
伹,伹
伺,伺
伺,伺
伻,伻
似,似
似,似
伽,伽
伾,伾
似,佀
佃,佃
佃,佃
但,但
伫,佇
布,佈
佉,佉
佌,佌
位,位
低,低
住,住
佐,佐
佑,佑
占,佔
何,何
何,何
佗,佗
佘,佘
余,余
余,余
佚,佚
佚,佚
佚,佚
佛,佛
作,作
作,作
佝,佝
佝,佝
佞,佞
佟,佟
你,你
佡,佡
佢,佢
佣,佣
佤,佤
佧,佧
佩,佩
佪,佪
佫,佫
佬,佬
佯,佯
佰,佰
佱,佱
佳,佳
佳,佳
佴,佴
并,併
佶,佶
佷,佷
佸,佸
佹,佹
佺,佺
佻,佻
佼,佼
佽,佽
佽,佽
佾,佾
使,使
侀,侀
侁,侁
侂,侂
侃,侃
侄,侄
侅,侅
来,來
侇,侇
侈,侈
侉,侉
例,例
侌,侌
侍,侍
侏,侏
侐,侐
侑,侑
侔,侔
仑,侖
侗,侗
侗,侗
侘,侘
侚,侚
供,供
供,供
侜,侜
依,依
価,価
侢,侢
侮,侮
侯,侯
侯,侯
侯,侯
侴,侴
侵,侵
侣,侶
局,侷
侹,侹
侽,侽
便,便
便,便
俣,俁
系,係
促,促
俄,俄
俄,俄
俅,俅
俉,俉
俊,俊
俊,俊
俍,俍
俎,俎
俏,俏
俐,俐
俑,俑
𠇹,俓
伣,俔
俗,俗
俘,俘
俚,俚
俚,俚
俛,俛
俯,俛
俜,俜
保,保
保,保
俞,俞
俞,俞
俞,俞
俟,俟
俟,俟
侠,俠
信,信
俤,俤
修,修
修,修
俯,俯
俱,俱
效,俲
俳,俳
俴,俴
俵,俵
俶,俶
俷,俷
俸,俸
俺,俺
备,俻
俾,俾
伥,倀
倂,倂
倃,倃
倅,倅
俩,倆
俩,倆
仓,倉
个,個
个,個
倌,倌
倍,倍
倏,倏
倏,倐
们,們
倒,倒
倒,倒
倓,倓
倔,倔
倔,倔
幸,倖
倘,倘
倘,倘
候,候
倚,倚
倜,倜
倝,倝
倞,倞
倞,倞
借,借
倡,倡
倢,倢
仿,倣
値,値
倥,倥
倥,倥
倦,倦
倨,倨
倩,倩
倪,倪
倪,倪
伦,倫
倬,倬
倭,倭
倮,倮
倵,倵
倶,倶
倷,倷
睬,倸
倹,倹
倻,倻
值,值
倽,倽
偁,偁
偃,偃
偃,偃
假,假
假,假
假,假
偈,偈
偈,偈
伟,偉
偌,偌
偎,偎
偏,偏
偓,偓
偕,偕
侃,偘
做,做
停,停
偝,偝
偟,偟
偡,偡
偢,偢
健,健
偨,偨
偩,偩
逼,偪
偫,偫
偭,偭
偯,偯
偰,偰
偱,偱
偲,偲
偲,偲
侧,側
侧,側
侦,偵
偶,偶
偷,偷
偸,偸
咱,偺
伪,偽
傀,傀
傀,傀
傅,傅
傅,傅
傈,傈
㐷,傌
傍,傍
傎,傎
杰,傑
傒,傒
傓,傓
傔,傔
傕,傕
傕,傕
伧,傖
伞,傘
备,備
效,傚
傜,傜
傞,傞
家,傢
傣,傣
催,催
佣,傭
傮,傮
偬,傯
傲,傲
传,傳
传,傳
伛,傴
债,債
伤,傷
傺,傺
傻,傻
倾,傾
傿,傿
傿,傿
偻,僂
偻,僂
僃,僃
僄,僄
仅,僅
僇,僇
佥,僉
仙,僊
働,働
僎,僎
像,像
侨,僑
僔,僔
仆,僕
僖,僖
僖,僖
僚,僚
僚,僚
僜,僜
僝,僝
伪,僞
僣,僣
𫢸,僤
侥,僥
侥,僥
僦,僦
僧,僧
偾,僨
僩,僩
僬,僬
僭,僭
僮,僮
僮,僮
僯,僯
僰,僰
雇,僱
僳,僳
僴,僴
僵,僵
价,價
价,價
僻,僻
僾,僾
僿,僿
仪,儀
俊,儁
侬,儂
儃,儃
亿,億
儅,儅
儆,儆
儇,儇
侩,儈
俭,儉
儊,儊
儋,儋
儌,儌
儍,儍
傤,儎
傧,儐
儒,儒
儓,儓
俦,儔
侪,儕
拟,儗
尽,儘
儜,儜
儞,儞
偿,償
儡,儡
儤,儤
儦,儦
儩,儩
优,優
儭,儭
儱,儱
储,儲
储,儲
儳,儳
倏,儵
俪,儷
㑩,儸
儹,儹
傩,儺
傥,儻
俨,儼
儽,儽
儿,儿
兀,兀
兀,兀
允,允
元,元
元,元
兄,兄
充,充
兆,兆
兆,兆
凶,兇
先,先
光,光
克,克
克,克
兑,兌
兑,兌
免,免
免,免
兔,兎
児,児
儿,兒
儿,兒
兔,兔
兕,兕
兖,兗
兘,兘
兙,兙
兛,兛
兜,兜
兝,兝
兞,兞
兟,兟
兜,兠
兡,兡
兢,兢
兣,兣
入,入
内,內
全,全
全,全
两,兩
兪,兪
八,八
公,公
六,六
兮,兮
共,共
兲,兲
兵,兵
其,其
具,具
典,典
兼,兼
冀,冀
冀,冀
冂,冂
冃,冃
冉,冄
円,円
冇,冇
冉,冉
冉,冉
册,冊
冋,冋
再,再
冏,冏
冒,冐
冑,冑
冒,冒
冒,冒
冓,冓
冔,冔
冕,冕
冖,冖
冗,冗
冘,冘
冘,冘
冞,冞
冠,冠
冠,冠
冠,冠
冡,冡
冢,冢
冣,冣
最,冣
冤,冤
冥,冥
冧,冧
幂,冪
冫,冫
冬,冬
冮,冮
冰,冰
冱,冱
冶,冶
冷,冷
冷,冷
泯,冺
冼,冼
冽,冽
凃,凃
凄,凄
凅,凅
准,准
凇,凇
净,凈
凊,凊
凋,凋
凌,凌
凌,凌
冻,凍
凓,凓
凔,凔
凛,凜
凝,凝
凞,凞
凟,凟
几,几
凡,凡
凡,凢
凥,凥
処,処
凮,凮
凰,凰
凯,凱
凯,凱
凳,凳
凭,凴
凵,凵
凶,凶
凸,凸
凹,凹
凹,凹
出,出
凼,凼
函,函
刀,刀
刀,刀
刁,刁
刁,刁
刂,刂
刃,刃
分,分
分,分
切,切
切,切
刈,刈
刊,刊
刌,刌
刎,刎
刑,刑
刑,刑
划,划
刓,刓
刖,刖
列,列
刜,刜
初,初
刞,刞
刡,刡
判,判
别,別
别,別
劫,刦
劫,刧
刨,刨
刨,刨
利,利
利,利
删,刪
刮,刮
到,到
刱,刱
刱,刱
刲,刲
刳,刳
刴,刴
刵,刵
制,制
刷,刷
刷,刷
券,券
刺,刺
刺,刺
刻,刻
劫,刼
刾,刾
剁,剁
剃,剃
刭,剄
剅,剅
则,則
锉,剉
削,削
削,削
克,剋
克,剋
剋,剋
剌,剌
剌,剌
前,前
刹,剎
刹,剎
创,剏
剒,剒
剔,剔
剕,剕
剖,剖
刬,剗
创,剙
剚,剚
刚,剛
剜,剜
剥,剝
剥,剝
剞,剞
剟,剟
剡,剡
剡,剡
剣,剣
剤,剤
剩,剩
剪,剪
剪,剪
剐,剮
副,副
剰,剰
割,割
剳,剳
札,剳
剀,剴
创,創
创,創
铲,剷
剸,剸
戮,剹
剺,剺
剽,剽
剿,剿
剿,剿
劁,劁
劂,劂
划,劃
划,劃
劄,劄
札,劄
剧,劇
劈,劈
劈,劈
刘,劉
刘,劉
刽,劊
刿,劌
剑,劍
劐,劐
劐,劐
剂,劑
剑,劒
劓,劓
劖,劖
劘,劘
劙,劙
力,力
力,力
功,功
加,加
加,加
劣,劣
劦,劦
劦,劦
助,助
努,努
劫,劫
劬,劬
劭,劭
劭,劭
劮,劮
労,労
券,劵
劵,劵
效,効
劻,劻
劼,劼
劾,劾
劲,勁
劲,勁
勃,勃
勄,勄
敕,勅
勇,勇
勈,勈
勉,勉
倦,勌
勍,勍
勐,勐
敕,勑
勒,勒
勒,勒
勔,勔
动,動
勖,勖
勗,勗
勘,勘
务,務
勋,勛
胜,勝
劳,勞
募,募
勠,勠
势,勢
𪟝,勣
勤,勤
剿,勦
剿,勦
勧,勧
勚,勩
勯,勯
勰,勰
劢,勱
勋,勲
勋,勳
励,勵
励,勵
勷,勷
劝,勸
勹,勹
勺,勺
匀,勻
勾,勾
勾,勾
勾,勾
勿,勿
匁,匁
丐,匃
丐,匄
包,包
包,包
匆,匆
匈,匈
匈,匈
匉,匉
匊,匊
匋,匋
匍,匍
匏,匏
匐,匐
匑,匑
匔,匔
匕,匕
化,化
化,化
北,北
匘,匘
匙,匙
匙,匙
匚,匚
匜,匜
匝,匝
匞,匞
炕,匟
匠,匠
匡,匡
匡,匡
匣,匣
匧,匧
匪,匪
匦,匭
汇,匯
匮,匱
匮,匱
匮,匱
奁,匲
奁,匳
匴,匴
匵,匵
匶,匶
匸,匸
匹,匹
匽,匽
匾,匾
匿,匿
区,區
区,區
十,十
卂,卂
千,千
卄,卄
卅,卅
卆,卆
升,升
午,午
卉,卉
半,半
卋,卋
卌,卌
卍,卍
卐,卐
卑,卑
卒,卒
卒,卒
卓,卓
卓,卓
协,協
南,南
南,南
南,南
単,単
博,博
卛,卛
卛,卛
卜,卜
卜,卜
卝,卝
卝,卝
卞,卞
卞,卞
卟,卟
占,占
占,占
卡,卡
卡,卡
卣,卣
卦,卦
卨,卨
卩,卩
卪,卪
卪,卪
卬,卬
卬,卬
卮,卮
卯,卯
印,印
印,印
危,危
危,危
卲,卲
即,即
卵,卵
卷,卷
卷,卷
卸,卸
恤,卹
却,卻
卼,卼
卽,卽
卿,卿
膝,厀
厂,厂
厄,厄
厎,厎
厓,厓
厔,厔
厖,厖
厗,厗
厘,厘
厍,厙
厚,厚
厜,厜
厝,厝
厞,厞
原,原
原,原
厕,厠
历,厤
厥,厥
厪,厪
厪,厪
厌,厭
厮,厮
厰,厰
厉,厲
厉,厲
厳,厳
厣,厴
厶,厶
厶,厶
厷,厷
厷,厷
厹,厹
厹,厹
厺,厺
去,去
厼,厼
厾,厾
叁,叁
叁,參
参,參
参,參
参,參
叄,叄
参,叅
又,又
叉,叉
叉,叉
叉,叉
及,及
友,友
反,反
収,収
叒,叒
叔,叔
叕,叕
取,取
受,受
假,叚
叛,叛
叟,叟
睿,叡
丛,叢
口,口
古,古
古,古
句,句
句,句
另,另
叨,叨
叨,叨
叩,叩
只,只
只,只
叫,叫
召,召
召,召
叭,叭
叮,叮
可,可
可,可
台,台
台,台
叱,叱
史,史
史,史
右,右
叵,叵
叶,叶
司,司
司,司
叻,叻
叼,叼
吁,吁
吁,吁
吃,吃
各,各
吅,吅
吅,吅
吆,吆
合,合
合,合
吉,吉
吉,吉
吊,吊
吋,吋
同,同
名,名
后,后
后,后
吏,吏
吐,吐
吐,吐
向,向
向,向
吒,吒
吒,吒
吔,吔
吖,吖
咿,吚
君,君
吜,吜
吝,吝
吞,吞
吟,吟
吠,吠
吡,吡
吥,吥
否,否
否,否
吧,吧
吧,吧
吧,吧
吩,吩
吪,吪
含,含
听,听
吭,吭
吭,吭
吮,吮
吰,吰
吱,吱
吱,吱
吲,吲
吴,吳
吵,吵
呐,吶
呐,吶
吸,吸
吹,吹
吻,吻
吼,吼
吽,吽
吽,吽
吾,吾
吾,吾
呀,呀
吕,呂
吕,呂
呃,呃
呆,呆
呇,呇
呈,呈
呉,呉
告,告
呋,呋
叫,呌
呎,呎
呏,呏
呑,呑
呔,呔
呔,呔
呝,呝
呠,呠
呡,呡
呢,呢
呢,呢
呣,呣
呣,呣
呤,呤
呤,呤
呦,呦
呧,呧
周,周
周,周
咒,呪
呫,呫
呫,呫
呫,呫
呬,呬
呯,呯
呰,呰
呱,呱
呲,呲
呲,呲
味,味
呴,呴
呵,呵
呵,呵
呶,呶
呶,呶
呷,呷
呸,呸
呺,呺
呻,呻
呼,呼
命,命
呿,呿
咀,咀
咀,咀
咁,咁
咂,咂
咄,咄
咅,咅
咆,咆
咇,咇
咈,咈
和,咊
咋,咋
咋,咋
咋,咋
和,和
和,和
和,和
和,和
和,和
和,和
咍,咍
咎,咎
咐,咐
咑,咑
咒,咒
咔,咔
咕,咕
咖,咖
咖,咖
咗,咗
咚,咚
咠,咠
咡,咡
咢,咢
咣,咣
咤,咤
咥,咥
咥,咥
咦,咦
咧,咧
咧,咧
咧,咧
咨,咨
咩,咩
咪,咪
咫,咫
咬,咬
咭,咭
咮,咮
咯,咯
咯,咯
咯,咯
咱,咱
咱,咱
笑,咲
咳,咳
咳,咳
咴,咴
咷,咷
咸,咸
咸,咸
咹,咹
咺,咺
咻,咻
呙,咼
呙,咼
咽,咽
咽,咽
咽,咽
咾,咾
咿,咿
哀,哀
哀,哀
品,品
哂,哂
哃,哃
哄,哄
哄,哄
哆,哆
哇,哇
哇,哇
哈,哈
哈,哈
哈,哈
哉,哉
哋,哋
哌,哌
哎,哎
哏,哏
哏,哏
哐,哐
哚,哚
哞,哞
员,員
哢,哢
哤,哤
哥,哥
哦,哦
哦,哦
哦,哦
哦,哦
哧,哧
哨,哨
哩,哩
哩,哩
哪,哪
哪,哪
哪,哪
哪,哪
哫,哫
哭,哭
哮,哮
哰,哰
哱,哱
哲,哲
哳,哳
咩,哶
哺,哺
哼,哼
哼,哼
哽,哽
哿,哿
唁,唁
唂,唂
唃,唃
呗,唄
呗,唄
唅,唅
唆,唆
唇,唇
唈,唈
唉,唉
唉,唉
唊,唊
唎,唎
唎,唎
唏,唏
唐,唐
唐,唐
唑,唑
唔,唔
唣,唕
启,唘
吣,唚
唞,唞
唣,唣
唧,唧
唪,唪
吟,唫
唫,唫
唫,唫
唬,唬
售,售
唯,唯
唯,唯
唰,唰
唱,唱
唲,唲
唳,唳
唵,唵
唶,唶
唷,唷
唷,唷
念,唸
唹,唹
唻,唻
唼,唼
唾,唾
唿,唿
啁,啁
啁,啁
啃,啃
啄,啄
啅,啅
商,商
商,商
啉,啉
啊,啊
啊,啊
啊,啊
啊,啊
啊,啊
啍,啍
啎,啎
问,問
啐,啐
喋,啑
启,啓
啕,啕
啖,啖
啖,啗
啜,啜
哑,啞
哑,啞
启,啟
启,啟
啡,啡
唡,啢
衔,啣
啤,啤
啥,啥
啦,啦
啦,啦
啪,啪
啫,啫
啱,啱
啲,啲
啵,啵
啵,啵
啶,啶
啷,啷
啺,啺
啻,啻
啼,啼
啽,啽
啾,啾
喀,喀
喁,喁
喁,喁
喂,喂
喂,喂
喃,喃
善,善
喆,喆
喇,喇
喇,喇
喈,喈
喉,喉
喊,喊
喋,喋
喌,喌
㖞,喎
喏,喏
喏,喏
喑,喑
咱,喒
喓,喓
喔,喔
喔,喔
喔,喔
喘,喘
喙,喙
唤,喚
喜,喜
喝,喝
喝,喝
喟,喟
喣,喣
喤,喤
喥,喥
喦,喦
喧,喧
喨,喨
喩,喩
丧,喪
丧,喪
吃,喫
乔,喬
乔,喬
喭,喭
单,單
单,單
单,單
喰,喰
喱,喱
哟,喲
哟,喲
喳,喳
喳,喳
喵,喵
営,営
喹,喹
喺,喺
喻,喻
喻,喻
喼,喼
喿,喿
嗀,嗀
啼,嗁
嗃,嗃
嗄,嗄
嗄,嗄
嗅,嗅
呛,嗆
呛,嗆
啬,嗇
嗈,嗈
嗉,嗉
唝,嗊
唝,嗊
嗌,嗌
嗌,嗌
嗍,嗍
吗,嗎
吗,嗎
吗,嗎
嗐,嗐
嗑,嗑
嗒,嗒
嗒,嗒
嗓,嗓
嗔,嗔
嗕,嗕
嗖,嗖
嗙,嗙
呜,嗚
嗛,嗛
嗜,嗜
嗝,嗝
嗞,嗞
嗟,嗟
嗡,嗡
嗣,嗣
嗤,嗤
嗥,嗥
嗦,嗦
嗨,嗨
唢,嗩
嗪,嗪
嗬,嗬
嗯,嗯
嗯,嗯
嗯,嗯
𠮶,嗰
嗲,嗲
嗵,嗵
哔,嗶
嗷,嗷
嗹,嗹
嗻,嗻
嗽,嗽
嗾,嗾
嗿,嗿
嘀,嘀
嘀,嘀
嘁,嘁
嘂,嘂
嘅,嘅
慨,嘅
叹,嘆
嘈,嘈
嘉,嘉
嘉,嘉
啀,嘊
嘌,嘌
喽,嘍
喽,嘍
嘎,嘎
嘏,嘏
嘏,嘏
嘐,嘐
呼,嘑
嘒,嘒
啯,嘓
呕,嘔
啧,嘖
尝,嘗
嘚,嘚
嘛,嘛
嘛,嘛
唛,嘜
嘞,嘞
嘟,嘟
嘎,嘠
嘡,嘡
嘢,嘢
嘣,嘣
嘥,嘥
嘦,嘦
嘧,嘧
哗,嘩
哗,嘩
嘫,嘫
嘬,嘬
嘬,嘬
嘭,嘭
唠,嘮
唠,嘮
啸,嘯
叽,嘰
嘲,嘲
嘲,嘲
嘴,嘴
哓,嘵
嘶,嘶
嗥,嘷
呒,嘸
呒,嘸
嘹,嘹
嘻,嘻
啴,嘽
啴,嘽
嘿,嘿
噀,噀
𫫇,噁
噂,噂
𠯠,噅
噇,噇
啖,噉
噌,噌
噌,噌
噍,噍
噎,噎
噏,噏
嘘,噓
噔,噔
噗,噗
噘,噘
噙,噙
㖊,噚
噛,噛
咝,噝
噞,噞
哒,噠
噢,噢
噤,噤
哝,噥
哕,噦
哕,噦
器,器
噩,噩
噪,噪
噫,噫
噬,噬
噭,噭
嗳,噯
嗳,噯
噱,噱
哙,噲
哙,噲
哙,噲
噳,噳
喷,噴
喷,噴
噶,噶
噷,噷
吨,噸
当,噹
噻,噻
噼,噼
咛,嚀
嚃,嚃
嚄,嚄
嚄,嚄
嚅,嚅
嚆,嚆
吓,嚇
吓,嚇
嚉,嚉
哜,嚌
嚎,嚎
嚏,嚏
尝,嚐
嚓,嚓
嚓,嚓
嚔,嚔
噜,嚕
嚗,嚗
啮,嚙
嚚,嚚
嚜,嚜
嚝,嚝
嚞,嚞
嚟,嚟
咽,嚥
呖,嚦
咙,嚨
嚬,嚬
嚭,嚭
向,嚮
嚯,嚯
嚱,嚱
亸,嚲
喾,嚳
严,嚴
严,嚴
嚵,嚵
嚵,嚵
嘤,嚶
嚷,嚷
嚼,嚼
嚼,嚼
啭,囀
嗫,囁
嚣,囂
冁,囅
囆,囆
呓,囈
啰,囉
啰,囉
啰,囉
囊,囊
苏,囌
囍,囍
嘱,囑
𪢠,囒
啮,囓
囔,囔
囖,囖
囗,囗
囘,囘
因,囙
囚,囚
四,四
囝,囝
囝,囝
回,回
囟,囟
因,因
囡,囡
団,団
囤,囤
囤,囤
囥,囥
囦,囦
囧,囧
囨,囨
囱,囪
囱,囪
囫,囫
囬,囬
囮,囮
囯,囯
困,困
囲,囲
図,図
囶,囶
囷,囷
囸,囸
囹,囹
固,固
囻,囻
囿,囿
圀,圀
圂,圂
圃,圃
圄,圄
函,圅
囵,圇
圈,圈
圈,圈
圈,圈
圉,圉
圊,圊
国,國
国,國
圌,圌
围,圍
围,圍
圏,圏
圐,圐
园,園
园,園
圆,圓
圕,圕
图,圖
团,團
圙,圙
圛,圛
圜,圜
圜,圜
圞,圞
土,土
土,土
圢,圢
圣,圣
圣,圣
圧,圧
在,在
圩,圩
圩,圩
圪,圪
圫,圫
圫,圫
圬,圬
圭,圭
圮,圮
圯,圯
地,地
地,地
圱,圱
圱,圱
圳,圳
圴,圴
圻,圻
圾,圾
址,址
坂,坂
坆,坆
坆,坆
均,均
坈,坈
坊,坊
坊,坊
坊,坊
坋,坋
坌,坌
坍,坍
坎,坎
坐,坐
坐,坐
坑,坑
坒,坒
坓,坓
坕,坕
坡,坡
坤,坤
坦,坦
坨,坨
坩,坩
坪,坪
坫,坫
坭,坭
坯,坯
坰,坰
坱,坱
坲,坲
坳,坳
坴,坴
丘,坵
坷,坷
坻,坻
坻,坻
坼,坼
坽,坽
附,坿
垂,垂
垃,垃
垇,垇
垈,垈
型,型
垌,垌
垍,垍
垎,垎
垏,垏
垓,垓
垔,垔
垕,垕
垖,垖
垗,垗
垙,垙
垚,垚
垛,垛
垛,垛
垛,垜
垝,垝
垞,垞
垟,垟
垠,垠
垡,垡
垢,垢
垣,垣
垤,垤
垧,垧
垮,垮
垵,垵
垺,垺
垾,垾
垿,垿
埀,埀
埂,埂
埃,埃
埃,埃
埄,埄
埄,埄
埆,埆
埇,埇
埈,埈
埋,埋
埋,埋
埌,埌
城,城
埏,埏
埏,埏
埒,埒
埔,埔
埔,埔
埕,埕
埗,埗
埛,埛
野,埜
埝,埝
域,域
埠,埠
垭,埡
埤,埤
埦,埦
埧,埧
埫,埫
埫,埫
埭,埭
埯,埯
埰,埰
埲,埲
坎,埳
埴,埴
埵,埵
埶,埶
执,執
埸,埸
培,培
基,基
埼,埼
埽,埽
堀,堀
堂,堂
坤,堃
堄,堄
坚,堅
堆,堆
堇,堇
堈,堈
堉,堉
垩,堊
堋,堋
堌,堌
堍,堍
堎,堎
堐,堐
垴,堖
塍,堘
堙,堙
埚,堝
堞,堞
堠,堠
堡,堡
堡,堡
堡,堡
堤,堤
阶,堦
堧,堧
堨,堨
堪,堪
堭,堭
堮,堮
尧,堯
堰,堰
报,報
堲,堲
堳,堳
场,場
场,場
堵,堵
堼,堼
堽,堽
堿,堿
塁,塁
塂,塂
塃,塃
塄,塄
塅,塅
塈,塈
块,塊
茔,塋
塌,塌
塍,塍
垲,塏
塑,塑
埘,塒
塓,塓
塔,塔
塕,塕
涂,塗
塘,塘
塙,塙
冢,塚
塝,塝
塞,塞
塞,塞
塞,塞
塞,塞
葬,塟
塠,塠
塡,塡
坞,塢
埙,塤
塥,塥
塩,塩
填,填
塬,塬
塭,塭
塱,塱
场,塲
场,塲
尘,塵
堑,塹
砖,塼
塽,塽
塾,塾
𪣻,塿
墀,墀
墁,墁
境,境
墅,墅
墈,墈
墉,墉
垫,墊
墐,墐
墒,墒
墓,墓
塔,墖
増,増
墘,墘
坠,墜
墝,墝
增,增
墟,墟
𫮃,墠
墦,墦
墨,墨
墨,墨
墩,墩
墩,墪
墫,墫
墬,墬
堕,墮
墰,墰
坟,墳
墵,墵
垯,墶
墺,墺
墙,墻
墼,墼
垦,墾
壁,壁
野,壄
壅,壅
壆,壆
坛,壇
𡒄,壈
壊,壊
垱,壋
壌,壌
壎,壎
壑,壑
壒,壒
压,壓
压,壓
壔,壔
壕,壕
壖,壖
垒,壘
圹,壙
垆,壚
壜,壜
壝,壝
坏,壞
垄,壟
垅,壠
壡,壡
坜,壢
壤,壤
坝,壩
塆,壪
士,士
士,士
壬,壬
壭,壭
壮,壯
壮,壯
壱,壱
売,売
壴,壴
壴,壴
壹,壹
壶,壺
婿,壻
壸,壼
寿,壽
寿,壽
壿,壿
夀,夀
夂,夂
夅,夅
夅,夅
夆,夆
変,変
夊,夊
夌,夌
夏,夏
夏,夏
夓,夓
夔,夔
夕,夕
外,外
夗,夗
卯,夘
夙,夙
多,多
夜,夜
够,夠
梦,夢
夣,夣
夤,夤
伙,夥
夥,夥
大,大
大,大
天,天
太,太
夫,夫
夫,夫
夬,夬
夭,夭
央,央
夯,夯
夯,夯
失,失
夶,夶
夷,夷
夸,夸
夼,夼
夹,夾
夹,夾
夹,夾
奄,奄
奄,奄
奄,奄
奇,奇
奇,奇
奈,奈
奉,奉
奌,奌
奎,奎
奏,奏
奂,奐
奂,奐
契,契
奓,奓
奓,奓
奓,奓
奔,奔
奔,奔
奕,奕
套,套
奘,奘
奘,奘
奚,奚
奚,奚
奜,奜
奠,奠
奡,奡
奢,奢
奣,奣
奥,奧
奥,奧
奨,奨
奁,奩
夺,奪
奫,奫
奬,奬
奭,奭
奭,奭
奋,奮
奰,奰
女,女
女,女
奴,奴
奶,奶
奸,奸
她,她
姹,奼
好,好
好,好
妁,妁
妁,妁
如,如
妃,妃
妄,妄
妅,妅
妉,妉
妊,妊
妍,妍
妏,妏
妒,妒
妓,妓
妖,妖
妗,妗
妘,妘
妙,妙
妚,妚
妆,妝
妞,妞
妣,妣
妤,妤
妥,妥
妨,妨
妒,妬
妭,妭
妮,妮
妯,妯
妲,妲
你,妳
奶,妳
妵,妵
侄,妷
妸,妸
妹,妹
妺,妺
妻,妻
妻,妻
妽,妽
妾,妾
姁,姁
姄,姄
姅,姅
姆,姆
姈,姈
姊,姉
姊,姊
始,始
姗,姍
姐,姐
姑,姑
姒,姒
姒,姒
姓,姓
委,委
委,委
委,委
姘,姘
妊,姙
姚,姚
姚,姚
姜,姜
姜,姜
姝,姝
姞,姞
姣,姣
姣,姣
姤,姤
姥,姥
姥,姥
奸,姦
姧,姧
姨,姨
侄,姪
姫,姫
姬,姬
姬,姬
姮,姮
姱,姱
姵,姵
姶,姶
姸,姸
姺,姺
姻,姻
姽,姽
姿,姿
娀,娀
威,威
娂,娂
娃,娃
娉,娉
娌,娌
娑,娑
娒,娒
娒,娒
娒,娒
娓,娓
娘,娘
娚,娚
娱,娛
娜,娜
娜,娜
娟,娟
娠,娠
娣,娣
娥,娥
娩,娩
娩,娩
娭,娭
娯,娯
娵,娵
娶,娶
娸,娸
娼,娼
婀,娿
婀,婀
娄,婁
婆,婆
婉,婉
婊,婊
婐,婐
婕,婕
婙,婙
婚,婚
婞,婞
婢,婢
姻,婣
婤,婤
婥,婥
妇,婦
婧,婧
婨,婨
婪,婪
婬,婬
娅,婭
婮,婮
婷,婷
婹,婹
婺,婺
婼,婼
婽,婽
婿,婿
媁,媁
媁,媁
媄,媄
媅,媅
媊,媊
妇,媍
媏,媏
媒,媒
媕,媕
媖,媖
媚,媚
媛,媛
媛,媛
媞,媞
媟,媟
媠,媠
媠,媠
媢,媢
娲,媧
媩,媩
媬,媬
媮,媮
妫,媯
㛀,媰
媲,媲
媳,媳
媵,媵
媸,媸
媺,媺
媻,媻
媪,媼
妈,媽
媾,媾
愧,媿
嫁,嫁
嫂,嫂
嫄,嫄
嫈,嫈
嫉,嫉
袅,嫋
嫌,嫌
嫏,嫏
嫐,嫐
嫑,嫑
嫕,嫕
嫖,嫖
妪,嫗
嫘,嫘
嫙,嫙
嫚,嫚
嫚,嫚
嫜,嫜
嫠,嫠
嫡,嫡
嫣,嫣
嫦,嫦
嫩,嫩
嫪,嫪
嫪,嫪
嫫,嫫
嫬,嫬
嫭,嫭
嫮,嫮
嫩,嫰
妩,嫵
娴,嫺
娴,嫻
嫽,嫽
婳,嫿
妫,嬀
媭,嬃
嬅,嬅
娆,嬈
嬉,嬉
婵,嬋
娇,嬌
嬔,嬔
嬖,嬖
嬗,嬗
嫱,嬙
嬛,嬛
嬛,嬛
嬛,嬛
袅,嬝
嫒,嬡
嬢,嬢
嬷,嬤
嬦,嬦
嫔,嬪
嬫,嬫
嬬,嬬
奶,嬭
婴,嬰
嬲,嬲
嬴,嬴
嬴,嬴
婶,嬸
嬹,嬹
懒,嬾
嬿,嬿
孀,孀
娘,孃
孄,孄
孅,孅
娈,孌
孏,孏
子,子
子,子
孑,孑
孓,孓
孔,孔
孔,孔
孕,孕
孖,孖
字,字
存,存
孚,孚
孛,孛
孜,孜
孝,孝
孟,孟
孟,孟
孢,孢
季,季
季,季
孤,孤
孥,孥
孨,孨
孩,孩
孙,孫
孙,孫
孬,孬
孭,孭
孰,孰
孱,孱
孱,孱
孳,孳
孵,孵
孶,孶
学,學
孺,孺
孺,孺
𡥧,孻
孽,孼
孽,孽
孪,孿
宀,宀
㝉,宁
冗,宂
它,它
宄,宄
宅,宅
宇,宇
守,守
安,安
安,安
宊,宊
宊,宊
宋,宋
完,完
宍,宍
宏,宏
宓,宓
宓,宓
宕,宕
宗,宗
宗,宗
官,官
官,官
宙,宙
定,定
宛,宛
宛,宛
宜,宜
宜,宜
実,実
客,客
宣,宣
宣,宣
室,室
室,室
宥,宥
宦,宦
宦,宦
宧,宧
宨,宨
宩,宩
宬,宬
宫,宮
宫,宮
宰,宰
害,害
宴,宴
宵,宵
家,家
宸,宸
容,容
容,容
寇,宼
宿,宿
宿,宿
宿,宿
宿,宿
寀,寀
寁,寁
寂,寂
冤,寃
寄,寄
寅,寅
密,密
密,密
寇,寇
富,富
富,富
寎,寎
寐,寐
寝,寑
寒,寒
寓,寓
寔,寔
宁,寕
寖,寖
寗,寗
寘,寘
寙,寙
寛,寛
寞,寞
察,察
察,察
𪧘,寠
寡,寡
寝,寢
寤,寤
寥,寥
实,實
宁,寧
宁,寧
宁,寧
寨,寨
审,審
寪,寪
写,寫
宽,寬
宽,寬
寮,寮
寮,寮
寰,寰
宝,寳
宠,寵
宝,寶
寸,寸
寺,寺
対,対
封,封
封,封
専,専
尃,尃
射,射
克,尅
将,將
将,將
将,將
专,專
尉,尉
尉,尉
尉,尉
尊,尊
寻,尋
尌,尌
对,對
导,導
小,小
尐,尐
少,少
少,少
尔,尒
尓,尓
尕,尕
尖,尖
尗,尗
尙,尙
尚,尚
尚,尚
尜,尜
鲜,尟
鲜,尠
尢,尢
尤,尤
尤,尤
尥,尥
尨,尨
尨,尨
尨,尨
尩,尩
尪,尪
尬,尬
尭,尭
尰,尰
就,就
尲,尲
尶,尶
尴,尷
尸,尸
尹,尹
尹,尹
尺,尺
尺,尺
尻,尻
尼,尼
尾,尾
尾,尾
尿,尿
尿,尿
局,局
屁,屁
屄,屄
居,居
居,居
居,居
届,屆
屇,屇
屈,屈
屈,屈
屋,屋
屌,屌
尸,屍
屎,屎
屏,屏
屏,屏
屏,屏
屐,屐
屑,屑
屃,屓
展,展
展,展
屖,屖
屘,屘
屙,屙
屛,屛
屉,屜
屝,屝
屠,屠
屠,屠
屡,屢
屣,屣
层,層
履,履
屧,屧
屦,屨
屩,屩
屪,屪
屫,屫
属,屬
属,屬
屃,屭
屮,屮
屯,屯
屯,屯
山,山
山,山
屴,屴
屹,屹
屺,屺
屼,屼
屾,屾
岀,岀
坂,岅
岈,岈
岊,岊
岌,岌
岍,岍
岐,岐
岐,岐
岑,岑
岑,岑
岒,岒
岔,岔
岜,岜
岝,岝
岞,岞
冈,岡
岢,岢
岣,岣
岧,岧
岨,岨
岩,岩
岫,岫
岬,岬
岭,岭
岱,岱
岳,岳
岳,岳
岵,岵
岷,岷
岸,岸
岹,岹
峀,峀
峁,峁
峂,峂
峇,峇
峇,峇
峇,峇
峋,峋
峒,峒
峒,峒
峓,峓
峙,峙
峙,峙
峚,峚
峒,峝
峞,峞
峠,峠
峧,峧
峨,峨
峨,峩
峪,峪
峭,峭
峰,峯
峰,峰
峱,峱
岘,峴
岛,島
峹,峹
峻,峻
峡,峽
峿,峿
崀,崀
崁,崁
崆,崆
崇,崇
崇,崇
崋,崋
崌,崌
崃,崍
崎,崎
崏,崏
昆,崐
昆,崑
崒,崒
崒,崒
崓,崓
崔,崔
崔,崔
崖,崖
岗,崗
岗,崗
仑,崘
仑,崙
崚,崚
崛,崛
崞,崞
崟,崟
崠,崠
峥,崢
崤,崤
崦,崦
崧,崧
崩,崩
岽,崬
崮,崮
崯,崯
崱,崱
崳,崳
崴,崴
崴,崴
崶,崶
崽,崽
崾,崾
崿,崿
嵂,嵂
嵄,嵄
嵇,嵇
嵊,嵊
嵋,嵋
嵌,嵌
嵌,嵌
嵎,嵎
岚,嵐
岩,嵒
嵓,嵓
嵖,嵖
岁,嵗
嵙,嵙
嵛,嵛
嵞,嵞
嵡,嵡
嵩,嵩
嵩,嵩
嵫,嵫
嵬,嵬
嵯,嵯
嵴,嵴
嵺,嵺
𡶴,嵼
㟥,嵾
嵝,嶁
嶂,嶂
崭,嶃
崭,嶃
崭,嶄
崭,嶄
嶅,嶅
岖,嶇
嶋,嶋
嶌,嶌
嶒,嶒
嶓,嶓
嵚,嶔
嶖,嶖
崂,嶗
嶙,嶙
嶝,嶝
嶞,嶞
嶟,嶟
峤,嶠
嶡,嶡
嶡,嶡
峣,嶢
峄,嶧
峃,嶨
嶪,嶪
嶫,嶫
嶭,嶭
崄,嶮
嶰,嶰
嶲,嶲
岙,嶴
嶷,嶷
嵘,嶸
岭,嶺
屿,嶼
岳,嶽
岳,嶽
巂,巂
巂,巂
巃,巃
𫶕,巆
𫶕,巆
巇,巇
巉,巉
岿,巋
巌,巌
巍,巍
峦,巒
巓,巓
巅,巔
岩,巖
岩,巗
𪩘,巘
巚,巚
巛,巛
巜,巜
川,川
川,川
州,州
巟,巟
巠,巠
巡,巡
巢,巢
巢,巢
巣,巣
巤,巤
工,工
左,左
左,左
巧,巧
巨,巨
巫,巫
巫,巫
差,差
差,差
差,差
差,差
巯,巰
己,己
已,已
巳,巳
巴,巴
巴,巴
卮,巵
巷,巷
卺,巹
巻,巻
巽,巽
巾,巾
巿,巿
匝,帀
市,市
布,布
帄,帄
帆,帆
纸,帋
希,希
帑,帑
帔,帔
帕,帕
帖,帖
帖,帖
帖,帖
帗,帗
帘,帘
帙,帙
帙,帙
帚,帚
帛,帛
帝,帝
帟,帟
帡,帡
帣,帣
帅,帥
帅,帥
帨,帨
师,師
师,師
裙,帬
席,席
席,席
帯,帯
帰,帰
帲,帲
帐,帳
带,帶
帷,帷
常,常
常,常
帹,帹
帹,帹
帺,帺
帽,帽
帧,幀
帏,幃
幄,幄
幅,幅
帮,幇
幈,幈
幋,幋
幌,幌
幏,幏
徽,幑
幔,幔
幕,幕
帼,幗
帻,幘
幕,幙
帮,幚
幛,幛
幞,幞
帜,幟
幠,幠
幡,幡
幢,幢
幢,幢
币,幣
幦,幦
幨,幨
幩,幩
幪,幪
帮,幫
帱,幬
帱,幬
幭,幭
幮,幮
幯,幯
幰,幰
干,干
干,干
平,平
平,平
年,年
年,年
幵,幵
并,并
幷,幷
幸,幸
幸,幸
干,幹
幻,幻
幼,幼
幽,幽
几,幾
几,幾
广,广
庀,庀
庁,庁
広,広
庄,庄
庅,庅
庅,庅
庇,庇
庈,庈
庉,庉
床,床
庋,庋
序,序
庒,庒
底,底
底,底
庖,庖
店,店
庚,庚
府,府
庠,庠
庤,庤
庥,庥
度,度
度,度
座,座
库,庫
庬,庬
庭,庭
庱,庱
庳,庳
庴,庴
庵,庵
庶,庶
康,康
康,康
庸,庸
庹,庹
庶,庻
寓,庽
庾,庾
庿,庿
廀,廀
厕,廁
厕,廁
厢,廂
廃,廃
厩,廄
廆,廆
厦,廈
厦,廈
廉,廉
廉,廉
廊,廊
廋,廋
廌,廌
庼,廎
廏,廏
厩,廐
廑,廑
廑,廑
廒,廒
廓,廓
荫,廕
廖,廖
廙,廙
厨,廚
廛,廛
厮,廝
𫷷,廞
庙,廟
厂,廠
庑,廡
庑,廡
废,廢
广,廣
广,廣
廥,廥
廧,廧
廨,廨
廪,廩
庐,廬
廱,廱
厅,廳
廴,廴
巡,廵
延,延
延,延
廷,廷
廸,廸
迫,廹
建,建
廻,廻
乃,廼
廾,廾
廿,廿
弁,弁
弄,弄
弄,弄
弆,弆
弇,弇
弈,弈
弊,弊
弋,弋
弌,弌
弍,弍
弎,弎
式,式
弐,弐
弑,弒
弓,弓
弓,弓
吊,弔
引,引
弗,弗
弘,弘
弛,弛
弝,弝
弟,弟
弟,弟
弢,弢
弣,弣
弤,弤
弦,弦
弧,弧
弨,弨
弩,弩
弫,弫
弭,弭
弮,弮
弮,弮
弰,弰
弱,弱
弪,弳
张,張
张,張
弶,弶
强,強
强,強
强,強
强,強
弸,弸
弼,弼
弾,弾
彀,彀
𫸩,彄
别,彆
弹,彈
弹,彈
彉,彉
强,彊
强,彊
强,彊
弥,彌
𭚦,彍
弯,彎
彐,彐
彑,彑
录,彔
彖,彖
彗,彗
彘,彘
汇,彙
彛,彛
彝,彝
彝,彝
彟,彠
彡,彡
形,形
彤,彤
彤,彤
彦,彥
彧,彧
彩,彩
彪,彪
雕,彫
彬,彬
彭,彭
彰,彰
影,影
彨,彲
彳,彳
彴,彴
仿,彷
彷,彷
彸,彸
役,役
彼,彼
彽,彽
佛,彿
往,往
征,征
徂,徂
往,徃
待,待
待,待
徇,徇
很,很
徉,徉
徊,徊
律,律
律,律
后,後
徐,徐
徐,徐
径,徑
徒,徒
徒,徒
従,従
得,得
得,得
得,得
徘,徘
徙,徙
徜,徜
从,從
从,從
徕,徠
御,御
遍,徧
徨,徨
复,復
循,循
徬,徬
徭,徭
微,微
微,微
徯,徯
徳,徳
徴,徴
征,徵
徵,徵
德,德
德,德
彻,徹
徻,徻
徼,徼
徼,徼
徽,徽
忀,忀
忂,忂
心,心
忄,忄
必,必
忉,忉
忌,忌
忍,忍
忐,忐
忑,忑
忒,忒
忒,忒
忕,忕
忕,忕
忖,忖
志,志
忘,忘
忙,忙
忛,忛
応,応
忝,忝
忞,忞
忞,忞
忞,忞
忠,忠
忡,忡
忤,忤
忪,忪
忪,忪
快,快
忬,忬
忬,忬
忭,忭
忮,忮
忱,忱
忲,忲
念,念
忸,忸
忺,忺
忻,忻
忽,忽
忽,忽
忿,忿
怊,怊
怍,怍
怎,怎
怏,怏
怒,怒
怔,怔
怔,怔
怕,怕
怕,怕
怖,怖
怗,怗
怙,怙
怚,怚
怛,怛
思,思
怞,怞
怠,怠
怡,怡
急,急
怦,怦
性,性
怨,怨
怩,怩
怪,怪
怫,怫
怫,怫
怭,怭
怯,怯
匆,怱
怲,怲
恍,怳
怵,怵
怸,怸
怹,怹
恁,恁
恁,恁
恂,恂
恃,恃
恒,恆
恒,恆
恇,恇
恉,恉
恌,恌
恍,恍
恏,恏
恐,恐
恒,恒
恓,恓
恔,恔
恕,恕
恘,恘
恙,恙
恚,恚
恛,恛
恝,恝
恞,恞
恟,恟
怪,恠
吝,恡
恢,恢
恣,恣
恤,恤
耻,恥
恧,恧
恨,恨
恩,恩
恪,恪
恪,恪
恫,恫
恬,恬
恭,恭
息,息
恰,恰
恵,恵
恿,恿
悀,悀
悁,悁
悁,悁
悃,悃
悄,悄
悄,悄
悦,悅
悆,悆
悉,悉
悊,悊
悌,悌
悍,悍
悐,悐
悑,悑
悒,悒
悔,悔
悕,悕
悖,悖
悚,悚
悛,悛
悜,悜
悝,悝
悝,悝
悮,悞
悟,悟
悠,悠
悢,悢
患,患
匆,悤
悧,悧
您,您
悩,悩
悪,悪
悰,悰
悱,悱
悲,悲
德,悳
悴,悴
怅,悵
闷,悶
闷,悶
悷,悷
悸,悸
悻,悻
悼,悼
凄,悽
悾,悾
惄,惄
情,情
惆,惆
惇,惇
惈,惈
惋,惋
惌,惌
惎,惎
婪,惏
惏,惏
惑,惑
惒,惒
惓,惓
惔,惔
惕,惕
惘,惘
惙,惙
惚,惚
惛,惛
惜,惜
惝,惝
惟,惟
惠,惠
惠,惠
恶,惡
恶,惡
恶,惡
恿,惥
惦,惦
德,惪
惰,惰
恼,惱
恽,惲
想,想
惴,惴
惶,惶
蠢,惷
惸,惸
惹,惹
惺,惺
恻,惻
愀,愀
愁,愁
愃,愃
愆,愆
愈,愈
愉,愉
愊,愊
愍,愍
愎,愎
意,意
意,意
愐,愐
愑,愑
愒,愒
愓,愓
愔,愔
愕,愕
恪,愙
愚,愚
爱,愛
惬,愜
感,感
愣,愣
愧,愧
悫,愨
愫,愫
诉,愬
愭,愭
愮,愮
愯,愯
怆,愴
恺,愷
愼,愼
博,愽
忾,愾
愿,愿
慁,慁
恿,慂
栗,慄
慅,慅
慆,慆
慇,慇
慈,慈
慉,慉
慊,慊
慊,慊
态,態
慌,慌
愠,慍
慎,慎
慕,慕
惨,慘
惭,慙
惭,慚
慜,慜
慝,慝
恸,慟
慢,慢
惯,慣
悫,慤
慥,慥
慧,慧
慨,慨
怄,慪
怂,慫
怂,慫
慬,慬
虑,慮
慰,慰
慱,慱
悭,慳
慑,慴
慵,慵
庆,慶
慷,慷
戚,慼
戚,慽
欲,慾
慿,慿
憀,憀
忧,憂
憃,憃
憩,憇
惫,憊
憋,憋
憍,憍
憎,憎
怜,憐
凭,憑
愦,憒
憔,憔
慭,憖
憙,憙
惮,憚
憝,憝
愤,憤
憧,憧
憨,憨
憩,憩
憪,憪
悯,憫
憬,憬
憭,憭
怃,憮
憯,憯
宪,憲
忆,憶
憷,憷
憸,憸
𢙐,憹
憺,憺
憾,憾
懂,懂
勤,懃
懅,懅
懆,懆
恳,懇
懈,懈
应,應
应,應
应,應
懊,懊
懋,懋
怿,懌
懔,懍
懐,懐
蒙,懞
怼,懟
怼,懟
懠,懠
懑,懣
㤽,懤
懥,懥
懦,懦
恹,懨
懫,懫
懮,懮
懰,懰
懱,懱
惩,懲
懵,懵
懒,懶
怀,懷
怀,懷
悬,懸
忏,懺
惧,懼
欢,懽
慑,懾
懿,懿
恋,戀
戁,戁
戄,戄
戆,戇
戆,戇
戈,戈
戈,戈
戉,戉
戊,戊
戌,戌
戌,戌
戍,戍
戎,戎
戎,戎
成,成
成,成
我,我
戒,戒
戋,戔
戕,戕
或,或
戚,戚
戚,戚
戛,戛
戝,戝
戛,戞
戟,戟
戠,戠
戡,戡
戢,戢
戢,戢
戣,戣
戤,戤
戥,戥
戦,戦
戗,戧
戬,戩
截,截
戭,戭
戮,戮
戏,戯
战,戰
戱,戱
戏,戲
戳,戳
戴,戴
戴,戴
户,戶
戸,戸
厄,戹
戺,戺
戻,戻
卯,戼
戽,戽
戾,戾
房,房
房,房
所,所
扁,扁
扁,扁
扁,扁
扂,扂
扃,扃
扆,扆
扆,扆
扇,扇
扇,扇
扈,扈
扈,扈
扉,扉
扊,扊
手,手
扌,扌
才,才
扎,扎
扎,扎
扐,扐
扒,扒
扒,扒
打,打
打,打
扔,扔
払,払
払,払
扗,扗
托,托
扛,扛
扛,扛
捍,扞
扠,扠
扡,扡
扢,扢
扢,扢
扣,扣
扤,扤
扦,扦
扭,扭
扮,扮
扯,扯
扱,扱
扳,扳
扳,扳
扶,扶
批,批
扻,扻
扼,扼
扽,扽
找,找
承,承
承,承
技,技
抃,抃
抄,抄
抆,抆
抈,抈
抉,抉
把,把
把,把
抌,抌
抏,抏
抑,抑
抒,抒
抓,抓
抔,抔
投,投
抖,抖
抗,抗
折,折
折,折
折,折
抜,抜
拗,抝
択,択
抦,抦
抨,抨
披,披
抬,抬
抱,抱
抴,抴
抵,抵
抶,抶
抹,抹
抹,抹
抹,抹
抻,抻
押,押
抽,抽
抿,抿
拂,拂
拂,拂
拃,拃
拄,拄
拆,拆
拇,拇
拈,拈
拉,拉
拉,拉
拊,拊
抛,拋
拌,拌
拍,拍
拎,拎
拿,拏
拐,拐
拑,拑
拒,拒
拓,拓
拓,拓
拓,拓
拔,拔
拖,拕
拖,拖
拗,拗
拗,拗
拗,拗
拘,拘
拙,拙
拚,拚
拚,拚
招,招
拜,拜
拝,拝
拠,拠
拡,拡
拤,拤
拪,拪
拫,拫
括,括
拭,拭
拮,拮
拯,拯
拱,拱
拳,拳
拴,拴
拶,拶
拶,拶
拷,拷
拼,拼
拽,拽
拽,拽
拽,拽
拽,拽
拾,拾
拾,拾
拿,拿
持,持
指,指
挈,挈
按,按
挊,挊
挌,挌
挍,挍
挎,挎
挐,挐
挑,挑
挑,挑
挓,挓
挔,挔
挖,挖
挙,挙
挨,挨
挨,挨
挪,挪
挫,挫
振,振
挲,挱
挲,挲
弄,挵
挶,挶
挹,挹
挺,挺
挼,挼
挽,挽
挟,挾
挟,挾
挿,挿
捂,捂
捃,捃
救,捄
捅,捅
捆,捆
捉,捉
捋,捋
捋,捋
捌,捌
捍,捍
捎,捎
捏,捏
捐,捐
捓,捓
捕,捕
捗,捗
捘,捘
捙,捙
捜,捜
捥,捥
捧,捧
舍,捨
捩,捩
扪,捫
捭,捭
捭,捭
据,据
据,据
捯,捯
捱,捱
卷,捲
捶,捶
捷,捷
捷,捷
捺,捺
捻,捻
捼,捼
捽,捽
掀,掀
掂,掂
扫,掃
扫,掃
抡,掄
抡,掄
掇,掇
授,授
掉,掉
掊,掊
掊,掊
掌,掌
掍,掍
掎,掎
掏,掏
掐,掐
排,排
掔,掔
掖,掖
掖,掖
挜,掗
掘,掘
挣,掙
挣,掙
挂,掛
掞,掞
掟,掟
掠,掠
采,採
探,探
掣,掣
掤,掤
掤,掤
接,接
控,控
推,推
掩,掩
措,措
掫,掫
掬,掬
掭,掭
掮,掮
掯,掯
掰,掰
掱,掱
掱,掱
掲,掲
碰,掽
掾,掾
拣,揀
揃,揃
揄,揄
揅,揅
揆,揆
揉,揉
揌,揌
揍,揍
揎,揎
描,描
提,提
提,提
捏,揑
插,插
揓,揓
揕,揕
揖,揖
揗,揗
揘,揘
扬,揚
扬,揚
换,換
揜,揜
揝,揝
揞,揞
揠,揠
握,握
揣,揣
揣,揣
揥,揥
揦,揦
揩,揩
揪,揪
揫,揫
揭,揭
揭,揭
挥,揮
揰,揰
揲,揲
揳,揳
援,援
揵,揵
揶,揶
插,揷
揸,揸
背,揹
揺,揺
揻,揻
构,搆
揿,搇
搉,搉
搊,搊
搋,搋
搌,搌
损,損
搎,搎
搏,搏
搐,搐
搓,搓
搔,搔
搕,搕
摇,搖
摇,搖
捣,搗
搘,搘
搛,搛
搜,搜
搞,搞
搠,搠
搡,搡
搢,搢
搣,搣
扼,搤
捶,搥
搦,搦
搧,搧
搨,搨
搪,搪
搬,搬
搭,搭
掏,搯
搰,搰
搲,搲
搲,搲
搲,搲
搳,搳
搴,搴
揾,搵
揾,搵
抢,搶
抢,搶
搷,搷
搽,搽
榨,搾
搿,搿
摀,摀
摁,摁
摂,摂
扛,摃
摎,摎
摏,摏
掴,摑
摒,摒
摓,摓
摔,摔
摘,摘
摙,摙
摛,摛
掼,摜
摞,摞
搂,摟
搂,摟
摠,摠
摦,摦
摧,摧
摩,摩
摭,摭
摮,摮
挚,摯
挚,摯
摰,摰
摲,摲
抠,摳
摴,摴
抟,摶
摷,摷
摸,摸
摸,摸
摹,摹
折,摺
摺,摺
掺,摻
掺,摻
摽,摽
摽,摽
摿,摿
撂,撂
撃,撃
撅,撅
撆,撆
撇,撇
撇,撇
捞,撈
撊,撊
撋,撋
挦,撏
撑,撐
撒,撒
撒,撒
挠,撓
撕,撕
撖,撖
撙,撙
撚,撚
㧑,撝
撞,撞
挢,撟
操,撡
撢,撢
掸,撣
撤,撤
拨,撥
扯,撦
撧,撧
撩,撩
撩,撩
抚,撫
撬,撬
播,播
撮,撮
撮,撮
撰,撰
撱,撱
扑,撲
揿,撳
挞,撻
撼,撼
撽,撽
挝,撾
挝,撾
捡,撿
擀,擀
拥,擁
擂,擂
擂,擂
掳,擄
擅,擅
择,擇
擉,擉
击,擊
挡,擋
挡,擋
操,操
操,操
擎,擎
擐,擐
擒,擒
㧟,擓
担,擔
担,擔
携,擕
擖,擖
擗,擗
擘,擘
据,據
挤,擠
抬,擡
擢,擢
擣,擣
擤,擤
擥,擥
擦,擦
举,擧
擨,擨
擩,擩
𢬍,擫
拟,擬
擭,擭
摈,擯
拧,擰
拧,擰
拧,擰
搁,擱
搁,擱
掷,擲
扩,擴
撷,擷
擸,擸
摆,擺
擞,擻
擞,擻
撸,擼
㧰,擽
扰,擾
擿,擿
擿,擿
攀,攀
攂,攂
攃,攃
摅,攄
撵,攆
攈,攈
攉,攉
攋,攋
拢,攏
攐,攐
攓,攓
拦,攔
撄,攖
攘,攘
搀,攙
撺,攛
携,攜
摄,攝
攟,攟
攒,攢
攒,攢
挛,攣
摊,攤
攥,攥
攧,攧
挡,攩
搅,攪
攫,攫
揽,攬
攮,攮
支,支
支,支
攰,攰
攲,攲
攴,攴
攵,攵
收,收
考,攷
攸,攸
改,改
攺,攺
攻,攻
攼,攼
攽,攽
放,放
政,政
敁,敁
叩,敂
敃,敃
故,故
敇,敇
效,效
敉,敉
叙,敍
敎,敎
敏,敏
救,救
敚,敓
敔,敔
敕,敕
敖,敖
敖,敖
败,敗
叙,敘
叙,敘
教,教
教,教
教,教
敜,敜
敝,敝
敞,敞
敢,敢
散,散
散,散
敦,敦
敧,敧
敪,敪
敫,敫
敫,敫
敬,敬
扬,敭
敳,敱
敲,敲
整,整
敌,敵
敷,敷
数,數
数,數
数,數
敹,敹
驱,敺
敻,敻
敽,敽
敿,敿
斁,斁
敛,斂
敛,斂
毙,斃
斄,斄
文,文
文,文
斈,斈
斉,斉
斌,斌
斎,斎
斐,斐
斑,斑
斒,斒
斔,斔
斓,斕
斗,斗
斗,斗
料,料
斚,斚
斛,斛
斜,斜
斝,斝
斞,斞
斟,斟
斠,斠
斡,斡
斢,斢
斢,斢
斤,斤
斥,斥
斧,斧
斨,斨
斫,斫
斩,斬
斮,斮
斯,斯
斯,斯
新,新
新,新
斫,斲
斫,斵
断,斷
斸,斸
方,方
方,方
于,於
於,於
於,於
施,施
施,施
斾,斾
斿,斿
旀,旀
旁,旁
旗,旂
旃,旃
旄,旄
旄,旄
旅,旅
旆,旆
旊,旊
旋,旋
旋,旋
旌,旌
旎,旎
族,族
旐,旐
旒,旒
旓,旓
旖,旖
旗,旗
旛,旛
旝,旝
旟,旟
旡,旡
既,既
旣,旣
祸,旤
日,日
日,日
旦,旦
旨,旨
早,早
旪,旪
旬,旬
旭,旭
旮,旮
旯,旯
旰,旰
旱,旱
旴,旴
旵,旵
时,旹
旺,旺
旻,旻
旼,旼
旽,旽
春,旾
昀,昀
昂,昂
昃,昃
昄,昄
昆,昆
升,昇
昇,昇
昉,昉
昊,昊
昊,昊
昌,昌
昌,昌
明,明
明,明
昏,昏
昑,昑
昒,昒
易,易
易,易
昔,昔
昔,昔
昕,昕
慎,昚
昜,昜
昝,昝
昞,昞
星,星
映,映
昡,昡
昣,昣
昤,昤
春,春
春,春
昦,昦
昧,昧
昨,昨
昪,昪
昫,昫
昏,昬
昭,昭
是,是
是,昰
昱,昱
昳,昳
昴,昴
昵,昵
昶,昶
昺,昺
昻,昻
晁,晁
时,時
时,時
晃,晃
晃,晃
晄,晄
晅,晅
晋,晉
晋,晉
晌,晌
晏,晏
晏,晏
晑,晑
晒,晒
晗,晗
晙,晙
晚,晚
𬀪,晛
晜,晜
昼,晝
晞,晞
晟,晟
晟,晟
晡,晡
晢,晢
晤,晤
晥,晥
晦,晦
晨,晨
晩,晩
晪,晪
晫,晫
晬,晬
普,普
景,景
景,景
晰,晰
晳,晳
晴,晴
晶,晶
晷,晷
智,智
暗,晻
晾,晾
晿,晿
暁,暁
暄,暄
暆,暆
暇,暇
晕,暈
晕,暈
晖,暉
暋,暋
暋,暋
暌,暌
暍,暍
映,暎
𬀩,暐
暑,暑
暒,暒
暔,暔
暕,暕
暖,暖
暗,暗
旸,暘
暜,暜
暝,暝
暞,暞
暠,暠
皓,暠
暡,暡
畅,暢
暦,暦
暨,暨
暪,暪
暂,暫
暮,暮
昵,暱
暲,暲
暴,暴
暴,暴
暵,暵
暶,暶
暸,暸
暹,暹
暻,暻
暾,暾
曀,曀
晔,曄
历,曆
昙,曇
曈,曈
晓,曉
曌,曌
向,曏
曐,曐
曑,曑
曒,曒
曓,曓
暧,曖
曘,曘
曙,曙
曚,曚
曛,曛
曜,曜
曝,曝
曝,曝
旷,曠
叠,曡
曦,曦
昽,曨
曩,曩
晒,曬
曰,曰
曱,曱
曲,曲
曲,曲
曲,曲
曳,曳
更,更
更,更
曷,曷
书,書
书,書
曹,曹
曹,曹
曻,曻
曼,曼
曽,曽
曾,曾
曾,曾
曾,曾
替,替
最,最
朁,朁
会,會
会,會
朅,朅
朆,朆
月,月
有,有
朊,朊
朋,朋
服,服
服,服
朏,朏
朐,朐
朓,朓
朔,朔
朕,朕
朗,朗
朘,朘
朙,朙
望,望
朝,朝
朝,朝
朝,朝
期,朞
期,期
朠,朠
望,朢
朣,朣
朦,朦
胧,朧
木,木
木,木
朩,朩
未,未
末,末
本,本
札,札
朮,朮
朮,朮
朰,朰
朱,朱
朱,朱
朳,朳
朴,朴
朴,朴
朴,朴
朵,朵
朵,朶
朽,朽
朾,朾
朿,朿
杅,杅
杆,杆
杇,杇
杈,杈
杈,杈
杉,杉
杌,杌
李,李
李,李
杏,杏
材,材
村,村
杓,杓
杓,杓
杕,杕
杖,杖
杗,杗
杙,杙
杜,杜
杜,杜
杝,杝
杞,杞
杞,杞
束,束
束,束
杠,杠
杠,杠
杧,杧
杪,杪
杭,杭
杯,杯
杰,杰
东,東
东,東
杲,杲
杳,杳
杴,杴
杵,杵
杶,杶
杷,杷
杷,杷
杸,杸
杻,杻
杻,杻
杼,杼
杽,杽
松,松
松,松
板,板
枇,枇
枉,枉
枊,枊
枋,枋
枌,枌
楠,枏
析,析
枒,枒
枓,枓
枕,枕
林,林
林,林
枘,枘
枙,枙
枚,枚
枚,枚
果,果
枝,枝
枟,枟
枯,枯
枰,枰
枱,枱
枲,枲
枳,枳
拐,枴
枵,枵
架,架
枷,枷
枸,枸
枸,枸
枸,枸
枹,枹
枻,枻
柁,柁
柂,柂
柃,柃
柄,柄
柅,柅
柈,柈
柊,柊
柎,柎
柏,柏
柏,柏
柏,柏
柏,柏
某,某
柑,柑
柒,柒
染,染
柔,柔
柘,柘
柙,柙
柚,柚
柜,柜
柜,柜
柝,柝
柞,柞
柞,柞
楠,柟
柢,柢
柣,柣
柤,柤
查,查
查,查
查,查
柦,柦
柩,柩
柬,柬
柬,柬
柮,柮
柯,柯
柯,柯
柰,柰
柱,柱
柲,柲
柳,柳
柳,柳
柴,柴
柴,柴
栅,柵
柶,柶
柷,柷
柸,柸
柿,柹
拐,柺
査,査
柿,柿
柳,栁
栃,栃
栄,栄
栐,栐
栒,栒
栓,栓
栔,栔
栗,栗
栗,栗
栘,栘
栝,栝
刊,栞
栟,栟
校,校
校,校
柏,栢
栩,栩
株,株
栫,栫
栭,栭
筏,栰
栱,栱
栲,栲
栳,栳
栴,栴
栵,栵
核,核
根,根
栻,栻
格,格
栽,栽
桀,桀
桁,桁
桁,桁
桂,桂
桂,桂
桃,桃
桄,桄
桄,桄
桅,桅
框,框
案,案
桉,桉
桋,桋
桌,桌
桎,桎
桐,桐
桑,桑
桑,桑
桑,桒
桓,桓
桓,桓
桔,桔
桔,桔
桕,桕
桚,桚
桜,桜
桟,桟
桫,桫
桭,桭
杯,桮
桯,桯
桲,桲
桲,桲
桴,桴
桶,桶
桷,桷
桹,桹
柳,桺
杆,桿
梁,梁
梁,梁
梃,梃
梅,梅
梅,梅
梆,梆
梊,梊
梍,梍
梏,梏
梐,梐
梓,梓
栀,梔
梗,梗
枧,梘
𬂩,梜
条,條
枭,梟
梠,梠
梡,梡
梢,梢
梣,梣
梥,梥
梧,梧
梨,梨
梩,梩
梭,梭
梯,梯
械,械
梱,梱
梲,梲
梳,梳
梴,梴
梵,梵
梸,梸
梹,梹
棁,棁
棃,棃
弃,棄
棉,棉
棋,棊
棋,棋
棍,棍
棐,棐
棑,棑
棒,棒
棕,棕
枨,棖
枣,棗
棘,棘
棚,棚
棜,棜
栋,棟
棠,棠
棣,棣
棤,棤
栈,棧
棨,棨
棩,棩
棪,棪
棫,棫
棬,棬
森,森
森,森
棯,棯
棰,棰
棱,棱
棱,棱
栖,棲
栖,棲
棳,棳
棵,棵
梾,棶
棸,棸
棹,棹
棺,棺
棻,棻
棼,棼
碗,椀
椄,椄
椅,椅
椆,椆
椈,椈
乘,椉
椊,椊
椋,椋
椌,椌
植,植
椎,椎
椎,椎
桠,椏
椐,椐
椑,椑
椒,椒
椓,椓
碇,椗
検,検
椝,椝
椥,椥
椪,椪
椰,椰
椳,椳
椴,椴
椵,椵
棕,椶
缄,椷
椸,椸
椹,椹
椽,椽
笺,椾
椿,椿
楀,楀
楂,楂
楂,楂
匾,楄
楅,楅
杨,楊
杨,楊
楋,楋
楍,楍
楎,楎
枫,楓
楔,楔
楗,楗
楘,楘
楙,楙
楚,楚
楚,楚
楛,楛
楛,楛
楝,楝
楞,楞
楞,楞
楟,楟
楠,楠
楢,楢
楣,楣
楦,楥
楦,楦
桢,楨
楩,楩
楪,楪
楫,楫
楬,楬
业,業
业,業
楮,楮
楯,楯
楰,楰
梅,楳
极,極
楷,楷
楷,楷
楸,楸
楹,楹
楻,楻
楽,楽
楽,楽
榀,榀
概,概
榃,榃
榆,榆
榊,榊
榎,榎
榔,榔
榕,榕
榕,榕
榖,榖
矩,榘
榛,榛
搒,榜
搒,榜
榜,榜
榠,榠
榡,榡
榤,榤
榥,榥
榦,榦
榧,榧
榨,榨
杩,榪
榫,榫
榭,榭
荣,榮
荣,榮
榰,榰
榱,榱
榅,榲
榴,榴
榷,榷
榻,榻
榼,榼
榾,榾
桤,榿
槁,槀
槁,槁
槃,槃
槊,槊
构,構
槌,槌
枪,槍
枪,槍
槎,槎
槐,槐
梅,槑
槑,槑
杠,槓
槔,槔
桌,槕
槖,槖
様,様
槜,槜
槢,槢
梿,槤
槥,槥
椠,槧
椁,槨
概,槩
槪,槪
槭,槭
椮,槮
槱,槱
槲,槲
桨,槳
槵,槵
槹,槹
槺,槺
槻,槻
规,槼
槽,槽
槾,槾
槿,槿
桩,樁
乐,樂
乐,樂
乐,樂
乐,樂
乐,樂
枞,樅
枞,樅
樆,樆
樆,樆
樊,樊
樊,樊
樎,樎
樏,樏
樏,樏
橹,樐
梁,樑
楼,樓
楼,樓
樕,樕
樗,樗
樘,樘
樘,樘
标,標
樛,樛
樛,樛
枢,樞
樟,樟
樠,樠
模,模
模,模
样,樣
樧,樧
樨,樨
権,権
樲,樲
樴,樴
樵,樵
樶,樶
朴,樸
树,樹
桦,樺
樻,樻
樽,樽
樾,樾
椫,樿
橁,橁
橃,橃
橄,橄
橆,橆
橇,橇
桡,橈
橊,橊
桥,橋
橎,橎
橐,橐
橕,橕
橘,橘
橙,橙
橚,橚
橛,橛
橛,橜
机,機
机,機
橡,橡
椭,橢
蕊,橤
橧,橧
横,橫
横,橫
橾,橾
橾,橾
橿,橿
檀,檀
檀,檀
檩,檁
檃,檃
檄,檄
檇,檇
柽,檉
檊,檊
檍,檍
檎,檎
檐,檐
檑,檑
档,檔
档,檔
檖,檖
檗,檗
桧,檜
桧,檜
楫,檝
槚,檟
檠,檠
检,檢
樯,檣
檥,檥
檨,檨
檪,檪
檫,檫
檬,檬
梼,檮
台,檯
槟,檳
檴,檴
檵,檵
檵,檵
柠,檸
槛,檻
槛,檻
棹,櫂
柜,櫃
櫆,櫆
凳,櫈
櫌,櫌
橹,櫓
榈,櫚
栉,櫛
櫜,櫜
椟,櫝
橼,櫞
栎,櫟
櫠,櫠
櫡,櫡
橱,櫥
槠,櫧
栌,櫨
枥,櫪
橥,櫫
榇,櫬
蘖,櫱
栊,櫳
榉,櫸
櫹,櫹
棂,櫺
樱,櫻
櫽,櫽
欀,欀
欂,欂
欃,欃
栏,欄
权,權
权,權
欎,欎
椤,欏
欐,欐
欑,欑
栾,欒
栾,欒
榄,欖
欙,欙
欛,欛
郁,欝
棂,欞
欠,欠
次,次
欣,欣
欨,欨
欬,欬
欱,欱
欲,欲
欵,欵
欶,欶
欷,欷
欸,欸
欸,欸
欸,欸
欸,欸
欸,欸
欸,欸
欹,欹
欺,欺
欻,欻
欻,欻
欼,欼
钦,欽
钦,欽
款,款
欿,欿
歁,歁
歃,歃
歆,歆
歇,歇
歈,歈
歉,歉
歊,歊
歌,歌
叹,歎
欧,歐
欧,歐
歓,歓
歔,歔
歕,歕
歗,歗
歘,歘
歙,歙
歛,歛
歛,歛
歜,歜
欤,歟
歠,歠
欢,歡
止,止
正,正
正,正
此,此
步,步
步,步
武,武
武,武
歧,歧
歨,歨
歩,歩
歪,歪
歪,歪
歫,歫
歮,歮
歯,歯
歰,歰
岁,歲
歳,歳
历,歴
历,歷
归,歸
归,歸
歹,歹
歺,歺
歺,歺
死,死
歾,歾
殁,歿
夭,殀
殂,殂
殃,殃
殄,殄
殆,殆
殈,殈
殉,殉
殊,殊
殍,殍
殑,殑
殖,殖
殗,殗
残,殘
殙,殙
殛,殛
殜,殜
殒,殞
殠,殠
𣨼,殢
殣,殣
殇,殤
殥,殥
㱮,殨
殪,殪
殚,殫
僵,殭
殓,殮
殡,殯
㱩,殰
歼,殲
殳,殳
殳,殳
段,段
段,段
殷,殷
殷,殷
殷,殷
殷,殷
殸,殸
殹,殹
杀,殺
壳,殻
壳,殼
壳,殼
淆,殽
肴,殽
殿,殿
毁,毀
毅,毅
殴,毆
殴,毆
毈,毈
毉,毉
毋,毋
毋,毋
毌,毌
母,母
毎,毎
每,每
毐,毐
毑,毑
毒,毒
毓,毓
比,比
比,比
比,比
毖,毖
毗,毗
毗,毘
毚,毚
毛,毛
毛,毛
毧,毧
毪,毪
毫,毫
毬,毬
毯,毯
毳,毳
毴,毴
毷,毷
毹,毹
毽,毽
毾,毾
毵,毿
牦,氂
氄,氄
氅,氅
氆,氆
毡,氈
氉,氉
毡,氊
氇,氌
氍,氍
氏,氏
氏,氏
氐,氐
氐,氐
民,民
民,民
氓,氓
氓,氓
氕,氕
氖,氖
気,気
氘,氘
氙,氙
氚,氚
氛,氛
氜,氜
氜,氜
氝,氝
氟,氟
氠,氠
氡,氡
气,氣
氤,氤
氥,氥
氦,氦
氧,氧
氨,氨
氪,氪
氢,氫
氩,氬
氮,氮
氯,氯
氰,氰
氲,氳
水,水
水,水
氵,氵
冰,氷
永,永
氹,氹
氺,氺
氼,氼
氽,氽
泛,氾
氿,氿
汀,汀
汁,汁
求,求
汅,汅
汆,汆
汈,汈
汊,汊
汋,汋
汍,汍
泛,汎
汏,汏
汐,汐
汔,汔
汕,汕
汗,汗
汗,汗
污,汙
污,汚
汛,汛
汜,汜
汝,汝
汞,汞
江,江
江,江
池,池
池,池
污,污
汧,汧
汧,汧
汨,汨
汩,汩
汪,汪
汪,汪
汫,汫
汭,汭
汰,汰
汲,汲
汲,汲
汳,汳
汴,汴
汶,汶
汷,汷
决,決
汽,汽
汾,汾
沁,沁
沂,沂
沃,沃
沄,沄
沅,沅
沆,沆
沇,沇
沇,沇
沈,沈
沈,沈
沉,沉
沌,沌
沍,沍
沏,沏
沐,沐
没,沒
没,沒
沓,沓
沓,沓
沓,沓
沔,沔
沕,沕
冲,沖
沘,沘
沙,沙
沙,沙
沚,沚
沛,沛
沢,沢
沫,沫
沬,沬
沭,沭
沮,沮
沰,沰
沱,沱
河,河
沴,沴
沷,沷
沸,沸
油,油
沺,沺
治,治
沼,沼
沽,沽
沽,沽
沾,沾
沿,沿
况,況
泂,泂
泃,泃
泄,泄
泅,泅
泆,泆
泇,泇
泈,泈
泉,泉
泊,泊
泊,泊
泌,泌
泌,泌
泐,泐
泑,泑
泒,泒
泓,泓
泔,泔
法,法
法,法
泖,泖
泗,泗
泗,泗
泙,泙
泚,泚
泛,泛
泜,泜
泝,泝
泠,泠
泠,泠
泡,泡
泡,泡
波,波
波,波
泣,泣
泥,泥
泥,泥
注,注
泩,泩
泫,泫
泭,泭
泮,泮
泯,泯
泰,泰
泰,泰
泱,泱
泲,泲
泳,泳
泵,泵
洄,洄
洇,洇
洇,洇
洊,洊
洋,洋
洌,洌
洎,洎
洏,洏
洑,洑
洗,洗
洙,洙
洙,洙
洚,洚
洛,洛
洛,洛
洞,洞
洟,洟
洢,洢
洣,洣
津,津
津,津
洧,洧
洨,洨
洨,洨
泄,洩
洪,洪
洪,洪
洫,洫
洭,洭
洮,洮
洱,洱
洲,洲
洳,洳
洴,洴
洵,洵
汹,洶
洸,洸
洹,洹
洺,洺
活,活
洼,洼
洽,洽
派,派
派,派
洿,洿
流,流
浄,浄
浙,浙
浚,浚
浜,浜
浜,浜
浞,浞
浠,浠
浡,浡
浣,浣
浤,浤
浥,浥
浦,浦
浦,浦
浩,浩
浪,浪
浬,浬
浭,浭
浮,浮
浯,浯
浰,浰
浲,浲
浴,浴
海,海
海,海
浸,浸
浃,浹
浼,浼
浽,浽
涂,涂
涂,涂
涄,涄
涅,涅
泾,涇
消,消
涉,涉
涊,涊
涌,涌
涌,涌
涎,涎
涐,涐
涑,涑
涒,涒
涓,涓
涓,涓
涔,涔
涕,涕
莅,涖
莅,涖
涘,涘
涙,涙
涪,涪
涫,涫
涬,涬
涮,涮
涯,涯
液,液
涴,涴
涵,涵
涶,涶
涷,涷
涸,涸
凉,涼
凉,涼
凉,涼
涿,涿
淀,淀
淂,淂
淄,淄
淅,淅
淆,淆
淇,淇
淊,淊
淋,淋
淋,淋
淌,淌
淏,淏
淑,淑
凄,淒
淓,淓
淖,淖
淖,淖
淘,淘
淙,淙
泪,淚
浙,淛
淜,淜
淝,淝
淞,淞
淞,淞
淟,淟
淠,淠
淡,淡
淢,淢
淤,淤
渌,淥
淦,淦
净,淨
淩,淩
沦,淪
淫,淫
淬,淬
淮,淮
淯,淯
淰,淰
深,深
淳,淳
渊,淵
涞,淶
混,混
混,混
淸,淸
淹,淹
浅,淺
浅,淺
添,添
淼,淼
清,清
清,清
渇,渇
済,済
渉,渉
渋,渋
渓,渓
渕,渕
渖,渖
涣,渙
渚,渚
减,減
渝,渝
渟,渟
渠,渠
渠,渠
渠,渠
渡,渡
沨,渢
渣,渣
渤,渤
渥,渥
涡,渦
涡,渦
渧,渧
渨,渨
渫,渫
渫,渫
测,測
渭,渭
渮,渮
港,港
港,港
渰,渰
渲,渲
渴,渴
渶,渶
游,游
游,游
渺,渺
渼,渼
浑,渾
湃,湃
湄,湄
湅,湅
湉,湉
凑,湊
𣲗,湋
湌,湌
湍,湍
湎,湎
湑,湑
湓,湓
湔,湔
湖,湖
湘,湘
湛,湛
湛,湛
湜,湜
湝,湝
浈,湞
湟,湟
湢,湢
湣,湣
涌,湧
湩,湩
湫,湫
湮,湮
湮,湮
汤,湯
汤,湯
汤,湯
湱,湱
湲,湲
湳,湳
湳,湳
湴,湴
湴,湴
淳,湻
涅,湼
満,満
沩,溈
溉,溉
溍,溍
溎,溎
溏,溏
源,源
准,準
溘,溘
溛,溛
溜,溜
溜,溜
沟,溝
溟,溟
溠,溠
溢,溢
溤,溤
溥,溥
溥,溥
溦,溦
溧,溧
溪,溪
温,溫
温,溫
浉,溮
溯,溯
溱,溱
溲,溲
涢,溳
溴,溴
溵,溵
溶,溶
溷,溷
溺,溺
溺,溺
溻,溻
湿,溼
溽,溽
溾,溾
滁,滁
滂,滂
滃,滃
沧,滄
灭,滅
滇,滇
滉,滉
滊,滊
滊,滊
滋,滋
涤,滌
滍,滍
荥,滎
荥,滎
滏,滏
滑,滑
滑,滑
滓,滓
滔,滔
滕,滕
滘,滘
汇,滙
淫,滛
滝,滝
滧,滧
滫,滫
沪,滬
滮,滮
滞,滯
渗,滲
滴,滴
卤,滷
浒,滸
滹,滹
浐,滻
滚,滾
满,滿
满,滿
渔,漁
漂,漂
漂,漂
漂,漂
漄,漄
漆,漆
漈,漈
漉,漉
溇,漊
溇,漊
漎,漎
漏,漏
漓,漓
演,演
漕,漕
漖,漖
漘,漘
漙,漙
沤,漚
沤,漚
漜,漜
漠,漠
漡,漡
汉,漢
汉,漢
涟,漣
漤,漤
漥,漥
漦,漦
漨,漨
漩,漩
漪,漪
漫,漫
渍,漬
漭,漭
漯,漯
漰,漰
漱,漱
涨,漲
涨,漲
漳,漳
溆,漵
漶,漶
漷,漷
渐,漸
渐,漸
漹,漹
漼,漼
漾,漾
浆,漿
浆,漿
潀,潀
颍,潁
颍,潁
潃,潃
漱,潄
潎,潎
潏,潏
泼,潑
洁,潔
𣲘,潕
潗,潗
潘,潘
㴋,潚
潜,潛
潝,潝
潞,潞
潟,潟
潠,潠
潢,潢
润,潤
潦,潦
潦,潦
潭,潭
潭,潭
潮,潮
浔,潯
溃,潰
溃,潰
潲,潲
潵,潵
潵,潵
潵,潵
滗,潷
潸,潸
潺,潺
潼,潼
潽,潽
潾,潾
涠,潿
涩,澀
涩,澁
澄,澂
澃,澃
澄,澄
澄,澄
澄,澄
浇,澆
涝,澇
澈,澈
澉,澉
澌,澌
澍,澍
澎,澎
澐,澐
澒,澒
澔,澔
涧,澗
澙,澙
澟,澟
渑,澠
澡,澡
浣,澣
泽,澤
澥,澥
滪,澦
澧,澧
澨,澨
𬇕,澫
澬,澬
浍,澮
澰,澰
淀,澱
澳,澳
澳,澳
澴,澴
澶,澶
澹,澹
澹,澹
澼,澼
澽,澽
激,激
浊,濁
濂,濂
浓,濃
𣸣,濆
濇,濇
濈,濈
濉,濉
濊,濊
濋,濋
濍,濍
濔,濔
湿,濕
泞,濘
𣸨,濙
溁,濚
蒙,濛
浕,濜
濞,濞
济,濟
济,濟
济,濟
濠,濠
濡,濡
涛,濤
濩,濩
滥,濫
浚,濬
濮,濮
濯,濯
濯,濯
潍,濰
滨,濱
濲,濲
阔,濶
溅,濺
泺,濼
滤,濾
濿,濿
瀁,瀁
澛,瀂
滢,瀅
渎,瀆
泻,瀉
沈,瀋
沈,瀋
瀌,瀌
瀍,瀍
浏,瀏
瀑,瀑
瀑,瀑
瀒,瀒
瀔,瀔
濒,瀕
泸,瀘
瀚,瀚
瀛,瀛
沥,瀝
瀞,瀞
潇,瀟
潆,瀠
瀡,瀡
瀣,瀣
潴,瀦
泷,瀧
泷,瀧
濑,瀨
瀬,瀬
弥,瀰
瀱,瀱
潋,瀲
瀳,瀳
瀵,瀵
瀹,瀹
瀺,瀺
瀼,瀼
澜,瀾
沣,灃
滠,灄
灈,灈
灉,灉
法,灋
灌,灌
洒,灑
灒,灒
漓,灕
漓,灕
灖,灖
滩,灘
灏,灝
灞,灞
灠,灠
灠,灠
灢,灢
湾,灣
滦,灤
灥,灥
赣,灨
滟,灩
灪,灪
火,火
火,火
灬,灬
灮,灮
灰,灰
灴,灴
灶,灶
灸,灸
灺,灺
灼,灼
灾,災
炁,炁
炅,炅
炅,炅
炆,炆
炊,炊
炌,炌
炎,炎
炏,炏
炒,炒
炔,炔
炔,炔
炕,炕
炗,炗
炘,炘
炙,炙
炟,炟
炣,炣
炤,炤
照,炤
炫,炫
炬,炬
炭,炭
炮,炮
炮,炮
炮,炮
炯,炯
炰,炰
炱,炱
炲,炲
炳,炳
炴,炴
炷,炷
炸,炸
炸,炸
为,為
为,為
炻,炻
炾,炾
烀,烀
烈,烈
烉,烉
烊,烊
烋,烋
乌,烏
乌,烏
烓,烓
烔,烔
烕,烕
灾,烖
烗,烗
烘,烘
烙,烙
烙,烙
烜,烜
烝,烝
烤,烤
烯,烯
炯,烱
烳,烳
烃,烴
烶,烶
烷,烷
烹,烹
烺,烺
烽,烽
焃,焃
焄,焄
焆,焆
焈,焈
焉,焉
焊,焊
焌,焌
焌,焌
焐,焐
焓,焓
焔,焔
焗,焗
焙,焙
焚,焚
焜,焜
焞,焞
焟,焟
焠,焠
无,無
无,無
焢,焢
焢,焢
焦,焦
焦,焦
焮,焮
焯,焯
焰,焰
焱,焱
焴,焴
然,然
焼,焼
焿,焿
煁,煁
煃,煃
煅,煅
煆,煆
煆,煆
煇,煇
炼,煉
煊,煊
煋,煋
煌,煌
煍,煍
煎,煎
煏,煏
煐,煐
煮,煑
炜,煒
煓,煓
煕,煕
暖,煖
暖,煗
烟,煙
煚,煚
煜,煜
煝,煝
煞,煞
煞,煞
煟,煟
煠,煠
茕,煢
煤,煤
焕,煥
煦,煦
照,照
煨,煨
烦,煩
炀,煬
煮,煮
煰,煰
煲,煲
煳,煳
煸,煸
煺,煺
煻,煻
煽,煽
熀,熀
熁,熁
熄,熄
煴,熅
熇,熇
熙,熈
𤈶,熉
熊,熊
熊,熊
熏,熏
荧,熒
熔,熔
炝,熗
熘,熘
熙,熙
熛,熛
熜,熜
熜,熜
熟,熟
熠,熠
熤,熤
熥,熥
熨,熨
熨,熨
熬,熬
熬,熬
熯,熯
𬉼,熰
𬉼,熰
热,熱
颎,熲
熳,熳
熴,熴
熵,熵
熸,熸
熹,熹
炽,熾
熿,熿
𬊤,燀
烨,燁
燂,燂
燃,燃
焰,燄
燇,燇
灯,燈
炖,燉
燊,燊
燋,燋
燎,燎
燎,燎
燏,燏
磷,燐
烧,燒
燔,燔
燕,燕
燕,燕
𬊈,燖
燗,燗
烫,燙
燚,燚
焖,燜
营,營
燠,燠
燡,燡
燥,燥
灿,燦
燧,燧
燨,燨
毁,燬
烛,燭
燮,燮
燮,燮
燰,燰
烩,燴
㶶,燶
燹,燹
熏,燻
烬,燼
燽,燽
焘,燾
焘,燾
燿,燿
爆,爆
爇,爇
爇,爇
爊,爊
爌,爌
爌,爌
爌,爌
爌,爌
烁,爍
炉,爐
爓,爓
爔,爔
燮,爕
烨,爗
爚,爚
烂,爛
爝,爝
爟,爟
爤,爤
爥,爥
爨,爨
爨,爨
爪,爪
爪,爪
爫,爫
爬,爬
争,爭
爯,爯
爯,爯
爰,爰
爰,爰
为,爲
为,爲
爵,爵
父,父
爸,爸
爹,爹
爷,爺
爻,爻
爽,爽
尔,爾
丬,爿
爿,爿
床,牀
牁,牁
牂,牂
牄,牄
墙,牆
片,片
片,片
版,版
笺,牋
牌,牌
窗,牎
牏,牏
闸,牐
牒,牒
榜,牓
窗,牕
牖,牖
牍,牘
牙,牙
牚,牚
牛,牛
牛,牛
牝,牝
牟,牟
牟,牟
牟,牟
它,牠
牡,牡
牢,牢
牣,牣
牤,牤
牧,牧
牧,牧
物,物
牮,牮
牯,牯
牲,牲
牳,牳
牴,牴
牷,牷
牸,牸
特,特
牻,牻
牼,牼
牵,牽
牾,牾
牿,牿
犀,犀
犁,犁
犂,犂
犄,犄
犆,犆
奔,犇
奔,犇
犇,犇
犉,犉
犋,犋
犍,犍
犎,犎
犏,犏
犒,犒
荦,犖
犗,犗
犛,犛
犟,犟
犠,犠
犊,犢
牺,犧
犨,犨
犩,犩
犪,犪
犫,犫
犬,犬
犭,犭
犮,犮
犮,犮
犯,犯
犰,犰
犴,犴
犵,犵
犺,犺
犼,犼
状,狀
狁,狁
狂,狂
狃,狃
狄,狄
狄,狄
狆,狆
狉,狉
狍,狍
狎,狎
狐,狐
狒,狒
狓,狓
狗,狗
狘,狘
狙,狙
狠,狠
狡,狡
徇,狥
狦,狦
狨,狨
狩,狩
狫,狫
狳,狳
狴,狴
狷,狷
狸,狸
狭,狹
狺,狺
狻,狻
狼,狼
狈,狽
猁,猁
悍,猂
猇,猇
猈,猈
猊,猊
猋,猋
猓,猓
猖,猖
猗,猗
猘,猘
狰,猙
猛,猛
猜,猜
猝,猝
猞,猞
猟,猟
猢,猢
猣,猣
猥,猥
猿,猨
猩,猩
猭,猭
猱,猱
猲,猲
猲,猲
猳,猳
猴,猴
猵,猵
猵,猵
犹,猶
猷,猷
猸,猸
猹,猹
猺,猺
狲,猻
猾,猾
猿,猿
獀,獀
犸,獁
獃,獃
狱,獄
狮,獅
獉,獉
嗥,獋
獍,獍
奖,獎
獏,獏
獐,獐
獒,獒
獕,獕
獗,獗
毙,獘
獙,獙
獚,獚
獜,獜
獝,獝
獞,獞
獞,獞
獠,獠
獢,獢
獣,獣
狷,獧
独,獨
狯,獪
猃,獫
獬,獬
狝,獮
獯,獯
狞,獰
㺍,獱
获,獲
獳,獳
獴,獴
猎,獵
犷,獷
兽,獸
獭,獺
献,獻
猕,獼
獾,獾
猡,玀
𤞤,玁
玂,玂
玃,玃
玄,玄
妙,玅
玆,玆
率,率
率,率
玈,玈
玉,玉
玊,玊
王,王
王,王
王,王
玍,玍
玎,玎
玒,玒
玓,玓
玔,玔
玕,玕
玖,玖
玗,玗
玘,玘
玞,玞
玟,玟
玟,玟
玠,玠
玡,玡
玢,玢
玢,玢
玤,玤
玥,玥
玦,玦
珏,玨
玩,玩
玫,玫
玭,玭
玲,玲
玳,玳
玶,玶
玷,玷
玹,玹
玻,玻
玼,玼
玿,玿
珀,珀
珂,珂
珃,珃
珅,珅
珇,珇
珈,珈
珉,珉
珊,珊
珋,珋
珌,珌
珍,珍
珍,珎
珒,珒
珓,珓
珔,珔
珖,珖
珙,珙
珚,珚
珛,珛
珝,珝
珞,珞
珠,珠
珡,珡
珣,珣
珥,珥
珦,珦
珧,珧
珩,珩
珪,珪
班,班
班,班
佩,珮
珳,珳
珵,珵
珶,珶
珷,珷
珹,珹
珺,珺
珻,珻
珽,珽
现,現
琀,琀
琁,琁
球,球
琅,琅
理,理
琇,琇
琈,琈
琉,琉
琊,琊
璃,琍
琖,琖
琚,琚
琛,琛
琝,琝
琠,琠
琢,琢
琢,琢
琤,琤
琥,琥
琦,琦
琨,琨
琪,琪
琫,琫
琬,琬
琭,琭
琮,琮
琮,琮
琯,琯
琰,琰
琱,琱
琲,琲
琳,琳
琴,琴
琵,琵
琶,琶
琴,琹
珐,琺
珲,琿
瑀,瑀
瑁,瑁
瑂,瑂
瑃,瑃
瑄,瑄
玳,瑇
瑉,瑉
玮,瑋
瑏,瑏
瑑,瑑
瑔,瑔
瑕,瑕
瑗,瑗
瑙,瑙
瑚,瑚
瑛,瑛
瑜,瑜
瑞,瑞
瑟,瑟
琉,瑠
瑢,瑢
琐,瑣
瑶,瑤
瑶,瑤
瑧,瑧
瑨,瑨
莹,瑩
玛,瑪
瑭,瑭
琅,瑯
琅,瑯
瑰,瑰
瑱,瑱
瑱,瑱
玱,瑲
瑳,瑳
瑻,瑻
𪻐,瑽
瑾,瑾
瑿,瑿
璀,璀
璁,璁
璃,璃
璅,璅
璆,璆
璇,璇
璈,璈
琏,璉
𫞩,璊
璋,璋
璐,璐
璘,璘
璚,璚
璚,璚
璜,璜
璝,璝
璞,璞
璟,璟
璠,璠
琎,璡
琉,璢
玑,璣
璥,璥
瑷,璦
璧,璧
璨,璨
璩,璩
璩,璩
璪,璪
珰,璫
璬,璬
璮,璮
㻅,璯
环,環
环,環
璱,璱
璲,璲
玙,璵
璸,璸
璺,璺
玺,璽
璇,璿
瓀,瓀
瓁,瓁
𬍛,瓅
璃,瓈
琼,瓊
琼,瓊
瑰,瓌
珑,瓏
璎,瓔
瓖,瓖
瓘,瓘
瓒,瓚
瓛,瓛
瓜,瓜
瓞,瓞
瓠,瓠
瓢,瓢
瓣,瓣
瓤,瓤
瓦,瓦
瓧,瓧
瓩,瓩
瓬,瓬
瓮,瓮
瓰,瓰
瓱,瓱
瓴,瓴
瓵,瓵
瓶,瓶
瓷,瓷
瓸,瓸
瓻,瓻
瓼,瓼
瓿,瓿
甀,甀
甁,甁
甃,甃
甄,甄
甄,甄
甇,甇
甋,甋
瓯,甌
瓯,甌
甍,甍
砖,甎
甏,甏
甑,甑
甒,甒
甓,甓
甔,甔
瓮,甕
瓮,甕
罂,甖
甗,甗
甘,甘
甘,甘
甙,甙
甚,甚
甚,甚
甛,甛
甜,甜
甝,甝
尝,甞
生,生
甡,甡
产,產
産,産
甥,甥
苏,甦
用,用
甩,甩
甪,甪
甫,甫
甬,甬
甬,甬
甬,甬
甭,甭
甭,甭
甮,甮
甮,甮
宁,甯
田,田
田,田
由,由
甲,甲
申,申
申,申
甴,甴
男,男
甸,甸
甸,甸
甹,甹
町,町
町,町
甽,甽
甾,甾
甿,甿
畀,畀
畁,畁
亩,畂
畄,畄
亩,畆
畇,畇
畈,畈
耕,畊
畋,畋
界,界
畎,畎
畏,畏
畑,畑
畒,畒
畓,畓
畔,畔
留,留
畚,畚
畛,畛
畜,畜
畜,畜
亩,畝
畟,畟
毕,畢
毕,畢
畤,畤
略,略
畦,畦
略,畧
番,番
番,番
画,畫
畲,畬
畲,畬
亩,畮
畯,畯
异,異
留,畱
畳,畳
畵,畵
当,當
当,當
畷,畷
畸,畸
畹,畹
畺,畺
畽,畽
畾,畾
畿,畿
疃,疃
疆,疆
畴,疇
叠,疉
叠,疊
匹,疋
疋,疋
疋,疋
疍,疍
疏,疎
疏,疏
疏,疏
疐,疐
疑,疑
疒,疒
疔,疔
疕,疕
肛,疘
疙,疙
疚,疚
疝,疝
疢,疢
疣,疣
疤,疤
疥,疥
疧,疧
疫,疫
疲,疲
疳,疳
疵,疵
疶,疶
疸,疸
疸,疸
疹,疹
疼,疼
疽,疽
疾,疾
痱,疿
痁,痁
痂,痂
痄,痄
病,病
症,症
痊,痊
痌,痌
痍,痍
痎,痎
痏,痏
蛔,痐
痒,痒
痓,痓
痔,痔
痕,痕
痗,痗
痘,痘
痉,痙
痚,痚
痛,痛
痜,痜
痞,痞
痠,痠
痡,痡
痢,痢
痣,痣
痤,痤
痦,痦
痧,痧
痩,痩
痭,痭
痯,痯
痰,痰
痱,痱
痲,痲
痳,痳
痴,痴
痵,痵
痹,痺
痻,痻
痼,痼
疴,痾
痿,痿
瘀,瘀
瘁,瘁
痖,瘂
瘃,瘃
瘈,瘈
瘉,瘉
瘊,瘊
疯,瘋
瘌,瘌
疡,瘍
瘏,瘏
瘐,瘐
痪,瘓
瘕,瘕
瘖,瘖
瘙,瘙
瘚,瘚
瘛,瘛
瘜,瘜
瘝,瘝
瘗,瘞
瘟,瘟
瘠,瘠
疮,瘡
瘢,瘢
瘤,瘤
瘥,瘥
瘥,瘥
瘦,瘦
疟,瘧
疟,瘧
瘨,瘨
瘩,瘩
瘭,瘭
瘆,瘮
瘯,瘯
瘰,瘰
疭,瘲
瘳,瘳
瘴,瘴
瘵,瘵
瘸,瘸
瘺,瘺
瘘,瘻
瘼,瘼
癀,癀
疗,療
癃,癃
憔,癄
瘤,癅
痨,癆
痫,癇
废,癈
瘅,癉
瘅,癉
癌,癌
癍,癍
癎,癎
𤶊,癐
愈,癒
癔,癔
癕,癕
癖,癖
疠,癘
癙,癙
癜,癜
瘪,癟
癠,癠
痴,癡
痒,癢
疖,癤
症,癥
疬,癧
癞,癩
癪,癪
癣,癬
瘿,癭
瘾,癮
癯,癯
痈,癰
瘫,癱
癫,癲
癶,癶
癸,癸
発,発
登,登
发,發
白,白
白,白
百,百
百,百
癿,癿
皀,皀
皁,皁
皂,皂
皃,皃
的,的
的,的
的,的
的,的
皆,皆
皇,皇
皇,皇
皈,皈
皋,皋
皌,皌
皎,皎
皋,皐
皒,皒
皓,皓
皕,皕
皖,皖
皘,皘
皙,皙
皑,皚
皓,皜
皝,皝
皞,皞
皤,皤
皦,皦
皦,皦
皨,皨
皪,皪
皫,皫
皭,皭
皮,皮
皮,皮
疱,皰
皴,皴
鼓,皷
皲,皸
皱,皺
皻,皻
皻,皻
皽,皽
皿,皿
盂,盂
杯,盃
盅,盅
盆,盆
盍,盇
盈,盈
盉,盉
益,益
益,益
盋,盋
碗,盌
盍,盍
盎,盎
盒,盒
盔,盔
盚,盚
盛,盛
盛,盛
盛,盛
盗,盜
盝,盝
盏,盞
盟,盟
尽,盡
监,監
监,監
盘,盤
盥,盥
盦,盦
卢,盧
卢,盧
盩,盩
荡,盪
荡,盪
盬,盬
盭,盭
目,目
盯,盯
盱,盱
盱,盱
盲,盲
直,直
直,直
盵,盵
相,相
相,相
相,相
盹,盹
盻,盻
盼,盼
盾,盾
省,省
省,省
眂,眂
眄,眄
眄,眄
眅,眅
眇,眇
眈,眈
眉,眉
眊,眊
看,看
看,看
県,県
视,眎
眑,眑
眕,眕
眙,眙
眚,眚
眛,眛
眞,眞
真,真
眠,眠
视,眡
眢,眢
眣,眣
眦,眥
眦,眦
眨,眨
眩,眩
眭,眭
眭,眭
眯,眯
眰,眰
眳,眳
眴,眴
眵,眵
眶,眶
眷,眷
眸,眸
眹,眹
眺,眺
眼,眼
眽,眽
众,眾
众,眾
睂,睂
睃,睃
睄,睄
睄,睄
睅,睅
睆,睆
睇,睇
睊,睊
𪾢,睍
睎,睎
困,睏
睒,睒
睓,睓
睖,睖
睘,睘
睙,睙
睚,睚
睛,睛
睁,睜
睐,睞
睟,睟
眷,睠
睡,睡
睢,睢
睢,睢
督,督
睥,睥
睦,睦
睨,睨
睪,睪
睫,睫
睬,睬
睯,睯
睹,睹
睺,睺
睽,睽
睾,睾
睿,睿
瞀,瞀
瞄,瞄
瞅,瞅
眯,瞇
瞈,瞈
瞋,瞋
瞌,瞌
瞍,瞍
瞎,瞎
瞏,瞏
瞑,瞑
瞓,瞓
瞕,瞕
翳,瞖
眍,瞘
䁖,瞜
瞒,瞞
瞟,瞟
瞠,瞠
瞢,瞢
𥆧,瞤
𥆧,瞤
瞥,瞥
瞧,瞧
瞪,瞪
瞫,瞫
瞬,瞬
了,瞭
了,瞭
瞭,瞭
瞰,瞰
瞳,瞳
瞵,瞵
瞷,瞷
瞹,瞹
瞻,瞻
睑,瞼
瞽,瞽
瞿,瞿
瞿,瞿
瞅,矁
蒙,矇
蒙,矇
矉,矉
矍,矍
矍,矍
眬,矓
矔,矔
矗,矗
瞰,矙
瞩,矚
矛,矛
矜,矜
矞,矞
矟,矟
矠,矠
矢,矢
矣,矣
知,知
矦,矦
矧,矧
矨,矨
矩,矩
矬,矬
短,短
矮,矮
矫,矯
矫,矯
矫,矯
矰,矰
矱,矱
石,石
石,石
石,石
碇,矴
矷,矷
矸,矸
矻,矻
矼,矼
矽,矽
砂,砂
砃,砃
砄,砄
砅,砅
砆,砆
砈,砈
砉,砉
砉,砉
砌,砌
砌,砌
砍,砍
砑,砑
砒,砒
研,研
砕,砕
砘,砘
砝,砝
砟,砟
砠,砠
砢,砢
砣,砣
砥,砥
寨,砦
砧,砧
砩,砩
砩,砩
砫,砫
砬,砬
砭,砭
砮,砮
砯,砯
砰,砰
炮,砲
砳,砳
破,破
砵,砵
砷,砷
砸,砸
砹,砹
砼,砼
朱,硃
硅,硅
硇,硇
硌,硌
硍,硍
硎,硎
硏,硏
硐,硐
硐,硐
硑,硑
硒,硒
硁,硜
硝,硝
硖,硤
砗,硨
硪,硪
硫,硫
硬,硬
硭,硭
确,确
砚,硯
硻,硻
硼,硼
硾,硾
棋,碁
碃,碃
碇,碇
碈,碈
碉,碉
碌,碌
碌,碌
碎,碎
碏,碏
碑,碑
碓,碓
碔,碔
碗,碗
碘,碘
碚,碚
碝,碝
碞,碞
碟,碟
碡,碡
碣,碣
碥,碥
碧,碧
硕,碩
砧,碪
碫,碫
碬,碬
砀,碭
碯,碯
碰,碰
碲,碲
碳,碳
碴,碴
砜,碸
确,確
碻,碻
码,碼
碾,碾
磁,磁
磅,磅
磅,磅
磈,磈
磉,磉
磊,磊
磋,磋
磎,磎
磐,磐
硙,磑
硙,磑
硙,磑
磔,磔
磕,磕
磕,磕
磖,磖
磙,磙
砖,磚
磛,磛
磜,磜
碌,磟
硵,磠
磡,磡
碜,磣
磤,磤
磥,磥
碛,磧
磨,磨
磨,磨
磪,磪
磬,磬
磭,磭
矶,磯
磲,磲
磴,磴
磵,磵
磷,磷
磹,磹
磺,磺
磻,磻
硗,磽
礀,礀
礁,礁
硚,礄
礅,礅
硷,礆
礌,礌
础,礎
𬒈,礐
𬒈,礐
礓,礓
礗,礗
碍,礙
礚,礚
礜,礜
礝,礝
礞,礞
礴,礡
礤,礤
矿,礦
礧,礧
砺,礪
砾,礫
矾,礬
礮,礮
砻,礱
𰦭,礲
礵,礵
示,示
礽,礽
社,社
礿,礿
祀,祀
祁,祁
祁,祁
祂,祂
祄,祄
祅,祅
祆,祆
只,祇
祇,祇
祈,祈
祉,祉
祊,祊
祍,祍
祏,祏
祐,祐
祓,祓
祔,祔
秘,祕
祖,祖
祖,祖
祗,祗
祘,祘
祚,祚
祛,祛
祜,祜
祝,祝
祝,祝
神,神
神,神
祟,祟
祠,祠
祢,祢
祥,祥
祧,祧
票,票
祫,祫
祭,祭
祭,祭
祲,祲
祺,祺
祻,祻
祼,祼
禄,祿
禁,禁
禁,禁
禂,禂
禇,禇
禊,禊
禋,禋
祸,禍
祯,禎
福,福
福,福
祦,禑
禔,禔
祎,禕
禖,禖
禘,禘
禚,禚
禛,禛
禜,禜
禝,禝
禠,禠
祃,禡
禢,禢
禤,禤
禥,禥
御,禦
禧,禧
禨,禨
祀,禩
禅,禪
禅,禪
禫,禫
礼,禮
礼,禮
祢,禰
祢,禰
祷,禱
禳,禳
禴,禴
禸,禸
禹,禹
禺,禺
禺,禺
离,离
禽,禽
禾,禾
秃,禿
秀,秀
私,私
秈,秈
秉,秉
秉,秉
年,秊
秋,秋
秋,秋
秋,秌
秏,秏
科,科
秒,秒
粳,秔
秕,秕
只,秖
秘,秘
秘,秘
秚,秚
秜,秜
秜,秜
租,租
秠,秠
秣,秣
秤,秤
秤,秤
秦,秦
秧,秧
秩,秩
秫,秫
秬,秬
秭,秭
秷,秷
秸,秸
移,移
稀,稀
稂,稂
稃,稃
税,稅
稆,稆
秆,稈
粳,稉
稊,稊
程,程
程,程
稌,稌
稍,稍
稍,稍
稑,稑
稔,稔
稗,稗
稙,稙
稚,稚
稛,稛
棱,稜
棱,稜
稞,稞
禀,稟
稠,稠
稨,稨
糯,稬
秸,稭
种,種
种,種
称,稱
称,稱
称,稱
稲,稲
稷,稷
稹,稹
稚,稺
稻,稻
稼,稼
稽,稽
稽,稽
稽,稽
稿,稾
稿,稿
谷,穀
穂,穂
穄,穄
糠,穅
穆,穆
穆,穆
䅟,穇
穈,穈
稚,穉
穊,穊
穋,穋
稣,穌
积,積
颖,穎
穏,穏
穗,穗
穗,穗
穜,穜
穟,穟
秾,穠
穑,穡
秽,穢
穣,穣
糯,穤
穧,穧
颓,穨
稳,穩
获,穫
穞,穭
穮,穮
穯,穯
穰,穰
穰,穰
穴,穴
穵,穵
究,究
穸,穸
穹,穹
空,空
空,空
阱,穽
穿,穿
窀,窀
突,突
窂,窂
窄,窄
窅,窅
窆,窆
窈,窈
窊,窊
窋,窋
窌,窌
窒,窒
窗,窓
窔,窔
窕,窕
窖,窖
窗,窗
窘,窘
窞,窞
窟,窟
窠,窠
窣,窣
窨,窨
窨,窨
窝,窩
洼,窪
窬,窬
穷,窮
窑,窯
窑,窰
窳,窳
窴,窴
窎,窵
窭,窶
窸,窸
窥,窺
窗,窻
窾,窾
窾,窾
窿,窿
竁,竁
竃,竃
窜,竄
窍,竅
窦,竇
窦,竇
灶,竈
窃,竊
立,立
立,立
竑,竑
站,站
伫,竚
竜,竜
并,竝
竟,竟
章,章
章,章
竡,竡
俟,竢
竣,竣
童,童
童,童
竦,竦
竖,竪
竭,竭
端,端
竞,競
竹,竹
竺,竺
竺,竺
竽,竽
竾,竾
竿,竿
笀,笀
笄,笄
笆,笆
笈,笈
笉,笉
笊,笊
笎,笎
笏,笏
笐,笐
笑,笑
笓,笓
笙,笙
笛,笛
笞,笞
笠,笠
笤,笤
笥,笥
符,符
符,符
笨,笨
笪,笪
笪,笪
笫,笫
第,第
笭,笭
笮,笮
笯,笯
笰,笰
笱,笱
笲,笲
笳,笳
笵,笵
笸,笸
笻,笻
筀,筀
筃,筃
筅,筅
笔,筆
筇,筇
筈,筈
等,等
筊,筊
筊,筊
筋,筋
筌,筌
笋,筍
筎,筎
筏,筏
筐,筐
筑,筑
筑,筑
筒,筒
答,答
答,答
筕,筕
策,策
策,策
筘,筘
策,筞
筠,筠
筢,筢
筤,筤
筥,筥
筦,筦
管,筦
笕,筧
筒,筩
筭,筭
筮,筮
箸,筯
筰,筰
筱,筱
筲,筲
筳,筳
策,筴
筵,筵
筷,筷
筸,筸
箂,箂
箅,箅
个,箇
箊,箊
笺,箋
箍,箍
箎,箎
筝,箏
箐,箐
箑,箑
帚,箒
箔,箔
箕,箕
算,算
箘,箘
箙,箙
箛,箛
箜,箜
箝,箝
棰,箠
管,管
管,管
箢,箢
箬,箬
箭,箭
箮,箮
箯,箯
箱,箱
箴,箴
箸,箸
箾,箾
节,節
节,節
篁,篁
篃,篃
范,範
篆,篆
篇,篇
筑,築
箧,篋
篌,篌
筼,篔
篖,篖
𥬠,篘
篙,篙
篚,篚
篛,篛
篜,篜
篝,篝
篟,篟
篠,篠
篡,篡
𬕂,篢
笃,篤
篥,篥
篦,篦
篧,篧
篨,篨
筛,篩
篪,篪
篭,篭
篰,篰
篲,篲
筚,篳
篴,篴
篶,篶
篷,篷
篹,篹
篹,篹
纂,篹
篼,篼
篾,篾
箦,簀
簁,簁
簃,簃
簆,簆
簇,簇
簉,簉
簋,簋
簌,簌
篓,簍
簏,簏
蓑,簑
篡,簒
簕,簕
簗,簗
簜,簜
簝,簝
箪,簞
簟,簟
簠,簠
简,簡
篑,簣
簥,簥
簦,簦
簧,簧
簨,簨
簪,簪
箫,簫
簬,簬
簪,簮
簰,簰
檐,簷
簸,簸
簸,簸
筜,簹
簻,簻
签,簽
帘,簾
簿,簿
籀,籀
籀,籀
篮,籃
𥫣,籅
籊,籊
筹,籌
籍,籍
籍,籍
藤,籐
籑,籑
馔,籑
籒,籒
籓,籓
䉤,籔
签,籖
箓,籙
籚,籚
篯,籛
箨,籜
籝,籝
籁,籟
笼,籠
笼,籠
奁,籢
籣,籣
签,籤
籥,籥
籧,籧
笾,籩
簖,籪
籫,籫
篱,籬
籭,籭
箩,籮
籯,籯
吁,籲
米,米
米,米
籵,籵
籸,籸
籹,籹
籼,籼
籽,籽
粀,粀
粁,粁
秕,粃
粄,粄
糠,粇
粉,粉
粋,粋
粑,粑
粒,粒
粔,粔
粕,粕
粗,粗
粘,粘
粘,粘
粚,粚
粛,粛
粞,粞
粟,粟
粟,粟
粢,粢
粥,粥
粥,粥
磷,粦
妆,粧
粨,粨
粩,粩
粬,粬
粰,粰
粱,粱
粲,粲
粳,粳
粤,粵
粹,粹
稗,粺
粻,粻
粼,粼
粽,粽
精,精
粿,粿
糅,糅
糆,糆
糈,糈
粽,糉
糊,糊
糊,糊
糌,糌
糍,糍
糒,糒
糔,糔
糕,糕
糖,糖
糗,糗
糗,糗
糙,糙
糜,糜
糜,糜
糜,糜
糁,糝
粪,糞
糟,糟
糠,糠
糢,糢
粮,糧
糨,糨
糬,糬
糭,糭
糯,糯
团,糰
糱,糱
粝,糲
籴,糴
粜,糶
糸,糸
纟,糹
糺,糺
纠,糺
系,系
纠,糾
纪,紀
纪,紀
纣,紂
纣,紂
𬘓,紃
约,約
约,約
红,紅
红,紅
红,紅
纡,紆
纡,紆
纥,紇
纥,紇
纨,紈
纫,紉
紊,紊
纹,紋
纳,納
纳,納
纽,紐
紑,紑
纾,紓
纯,純
纰,紕
纱,紗
纮,紘
纸,紙
级,級
纷,紛
纭,紜
纴,紝
𬘘,紞
紟,紟
素,素
纺,紡
索,索
索,索
扎,紥
扎,紥
紩,紩
紫,紫
䌷,紬
扎,紮
扎,紮
累,累
累,累
细,細
绂,紱
绁,紲
绅,紳
纻,紵
绍,紹
绍,紹
绀,紺
绋,紼
紽,紽
紾,紾
绐,紿
绌,絀
絁,絁
终,終
絃,絃
组,組
组,組
䌹,絅
绊,絆
経,経
絍,絍
绗,絎
绁,絏
结,結
结,結
絓,絓
絓,絓
绝,絕
絖,絖
絘,絘
絚,絚
绦,絛
绦,絛
絜,絜
絜,絜
绔,絝
绞,絞
络,絡
络,絡
绚,絢
絣,絣
给,給
给,給
绒,絨
𬘡,絪
絫,絫
絮,絮
绖,絰
统,統
丝,絲
绛,絳
绛,絳
絵,絵
绝,絶
绢,絹
𫄨,絺
絻,絻
絻,絻
絿,絿
𦈌,綀
绑,綁
綂,綂
绡,綃
綅,綅
绠,綆
绨,綈
绣,綉
绤,綌
綍,綍
綎,綎
绥,綏
捆,綑
经,經
经,經
𫄧,綖
綗,綗
綘,綘
継,継
続,続
综,綜
综,綜
𬘭,綝
绿,綠
绸,綢
绻,綣
綥,綥
綦,綦
𬘬,綪
线,綫
绶,綬
维,維
维,維
綮,綮
绹,綯
绾,綰
纲,綱
网,網
绷,綳
缀,綴
缀,綴
䌽,綵
綷,綷
纶,綸
绺,綹
绮,綺
绽,綻
绰,綽
绰,綽
绫,綾
绵,綿
緁,緁
绲,緄
緅,緅
緆,緆
缁,緇
紧,緊
绯,緋
緌,緌
𦈏,緍
緎,緎
総,総
繁,緐
緑,緑
绪,緒
绱,緔
緖,緖
缃,緗
缄,緘
缂,緙
线,線
緛,緛
绵,緜
缉,緝
缉,緝
缎,緞
缔,締
缗,緡
缘,緣
緤,緤
褓,緥
缌,緦
编,編
缓,緩
緪,緪
緫,緫
缅,緬
缅,緬
纬,緯
𦈕,緰
缑,緱
缑,緱
缈,緲
练,練
缏,緶
缇,緹
致,緻
縁,縁
縂,縂
縃,縃
縄,縄
萦,縈
缙,縉
缢,縊
缒,縋
縏,縏
绉,縐
缣,縑
缊,縕
缊,縕
缞,縗
縚,縚
缚,縛
缜,縝
缟,縞
缛,縟
縠,縠
縡,縡
縢,縢
县,縣
縦,縦
绦,縧
縩,縩
缝,縫
缝,縫
缡,縭
缩,縮
𬙂,縯
縰,縰
纵,縱
缧,縲
䌸,縳
纤,縴
缦,縵
絷,縶
缕,縷
缥,縹
缥,縹
縻,縻
总,總
绩,績
縿,縿
繁,繁
绷,繃
绷,繃
繄,繄
缫,繅
缪,繆
缪,繆
缪,繆
缪,繆
缪,繆
缪,繆
繇,繇
繇,繇
繇,繇
繈,繈
繊,繊
繋,繋
繐,繐
缯,繒
缯,繒
缯,繒
织,織
缮,繕
伞,繖
繘,繘
繙,繙
缭,繚
绕,繞
繠,繠
绣,繡
缋,繢
繣,繣
襁,繦
繨,繨
绳,繩
绘,繪
系,繫
系,繫
茧,繭
缰,繮
缳,繯
缲,繰
缲,繰
缴,繳
䍁,繸
绎,繹
𦈡,繻
继,繼
缤,繽
缱,繾
𫄸,纁
纂,纂
𬙊,纆
颣,纇
缬,纈
纉,纉
纩,纊
续,續
累,纍
累,纍
纎,纎
缠,纏
纑,纑
纒,纒
缨,纓
才,纔
𬙋,纕
纤,纖
缵,纘
纙,纙
纚,纚
纚,纚
纛,纛
缆,纜
缶,缶
缸,缸
缺,缺
钵,缽
瓶,缾
罁,罁
罃,罃
罄,罄
罅,罅
罆,罆
樽,罇
坛,罈
罉,罉
瓮,罋
罂,罌
罍,罍
罎,罎
罏,罏
罐,罐
罒,罒
罓,罓
罔,罔
罕,罕
罖,罖
罘,罘
罛,罛
罝,罝
罟,罟
罠,罠
罡,罡
罣,罣
罥,罥
罦,罦
罨,罨
罩,罩
罪,罪
罫,罫
罭,罭
置,置
罚,罰
罱,罱
署,署
罳,罳
骂,罵
罶,罶
罢,罷
罢,罷
罚,罸
罹,罹
罻,罻
罽,罽
罾,罾
罿,罿
羀,羀
羂,羂
羃,羃
罗,羅
罗,羅
罴,羆
羇,羇
羁,羈
羊,羊
羊,羊
芈,羋
芈,羋
羌,羌
羌,羌
羍,羍
美,美
美,美
羑,羑
羔,羔
羖,羖
羌,羗
羚,羚
羜,羜
羝,羝
羞,羞
羢,羢
群,羣
群,群
羟,羥
羧,羧
羡,羨
义,義
义,義
羭,羭
羮,羮
羯,羯
羯,羯
羰,羰
羱,羱
羲,羲
膻,羴
羵,羵
膻,羶
羸,羸
羹,羹
羼,羼
羽,羽
羿,羿
翀,翀
翁,翁
翁,翁
翃,翃
翅,翄
翅,翅
翊,翊
翌,翌
翎,翎
翏,翏
习,習
习,習
翔,翔
翕,翕
翖,翖
翛,翛
翟,翟
翟,翟
翟,翟
翠,翠
翡,翡
翣,翣
翥,翥
翦,翦
翦,翦
翩,翩
翪,翪
玩,翫
翚,翬
翮,翮
翯,翯
翰,翰
翰,翰
翱,翱
翳,翳
翘,翹
翘,翹
翱,翺
翻,翻
翼,翼
翼,翼
翙,翽
翾,翾
翿,翿
耀,耀
老,老
考,考
耄,耄
者,者
耆,耆
耇,耇
耈,耈
耉,耉
耊,耊
耋,耋
而,而
耍,耍
耍,耍
耎,耎
耏,耏
耏,耏
耐,耐
专,耑
端,耑
耒,耒
耔,耔
耕,耕
耖,耖
耗,耗
耘,耘
耙,耙
耙,耙
耜,耜
耝,耝
耞,耞
耠,耠
耡,耡
耤,耤
耦,耦
耨,耨
耩,耩
耪,耪
耧,耬
耢,耮
耰,耰
耱,耱
耲,耲
耳,耳
耵,耵
耶,耶
耶,耶
耶,耶
耷,耷
耼,耼
耽,耽
耿,耿
耿,耿
聃,聃
聆,聆
聊,聊
聎,聎
聒,聒
圣,聖
聘,聘
聚,聚
聝,聝
闻,聞
闻,聞
聡,聡
聦,聦
聨,聨
聮,聮
联,聯
聪,聰
聱,聱
声,聲
耸,聳
聴,聴
聩,聵
聂,聶
聂,聶
职,職
聍,聹
聼,聼
听,聽
聋,聾
聿,聿
肄,肄
肃,肅
肃,肅
肆,肆
肇,肇
肇,肈
肉,肉
肊,肊
肋,肋
肌,肌
肯,肎
肏,肏
胳,肐
肓,肓
肕,肕
肖,肖
肖,肖
肘,肘
肙,肙
肚,肚
肚,肚
肛,肛
肜,肜
肝,肝
肟,肟
股,股
肢,肢
肥,肥
胚,肧
肩,肩
肪,肪
肫,肫
肬,肬
肭,肭
肯,肯
肰,肰
肱,肱
育,育
肴,肴
肵,肵
肸,肸
肹,肹
肺,肺
肼,肼
肽,肽
胂,胂
胃,胃
胄,胄
胇,胇
胊,胊
背,背
背,背
胍,胍
胎,胎
胏,胏
胑,胑
胔,胔
胖,胖
胖,胖
胗,胗
胙,胙
胚,胚
胛,胛
胝,胝
胞,胞
胠,胠
胡,胡
胡,胡
胤,胤
胥,胥
胥,胥
胦,胦
胩,胩
胬,胬
胭,胭
胯,胯
胰,胰
胱,胱
胲,胲
胳,胳
胳,胳
胳,胳
胴,胴
胸,胷
胸,胸
胹,胹
胺,胺
胻,胻
胼,胼
能,能
能,能
胾,胾
脂,脂
脆,脃
胁,脅
脆,脆
胁,脇
脉,脈
脉,脈
脊,脊
脒,脒
脖,脖
吻,脗
脘,脘
胫,脛
脝,脝
脞,脞
脡,脡
脢,脢
唇,脣
脤,脤
𣍰,脥
脧,脧
脨,脨
修,脩
脩,脩
脱,脫
脬,脬
脯,脯
脯,脯
脰,脰
脲,脲
脳,脳
脷,脷
胀,脹
脾,脾
脿,脿
腄,腄
腆,腆
腈,腈
腊,腊
腋,腋
腌,腌
腍,腍
肾,腎
腐,腐
腑,腑
腒,腒
腓,腓
腔,腔
腕,腕
胨,腖
腙,腙
腚,腚
腜,腜
腠,腠
脶,腡
腥,腥
脑,腦
腧,腧
腩,腩
肿,腫
腬,腬
腮,腮
腯,腯
腰,腰
腱,腱
脚,腳
脚,腳
腴,腴
腶,腶
肠,腸
腹,腹
腺,腺
腿,腿
膀,膀
膀,膀
膀,膀
膀,膀
肷,膁
膂,膂
腽,膃
膆,膆
膇,膇
膈,膈
膈,膈
膊,膊
膋,膋
膌,膌
膏,膏
膏,膏
肠,膓
膔,膔
膔,膔
腘,膕
膗,膗
膘,膘
膙,膙
肤,膚
膛,膛
膜,膜
膝,膝
䏝,膞
膟,膟
胶,膠
膣,膣
膦,膦
膨,膨
腻,膩
膪,膪
膫,膫
膫,膫
膬,膬
膰,膰
膲,膲
膳,膳
膴,膴
膵,膵
膷,膷
膺,膺
膻,膻
胆,膽
脍,膾
脓,膿
臀,臀
臁,臁
臂,臂
臃,臃
臄,臄
臆,臆
臇,臇
腊,臈
脸,臉
臊,臊
臊,臊
臀,臋
臌,臌
脐,臍
膑,臏
臐,臐
臑,臑
臓,臓
膘,臕
臖,臖
腊,臘
胭,臙
胪,臚
臛,臛
裸,臝
臞,臞
脏,臟
脔,臠
臜,臢
臣,臣
臣,臣
卧,臥
臧,臧
臧,臧
臧,臧
临,臨
自,自
臬,臬
臭,臭
臭,臭
皋,臯
臲,臲
至,至
致,致
台,臺
台,臺
臻,臻
臼,臼
臽,臽
臾,臾
臾,臾
臿,臿
舀,舀
舁,舁
舂,舂
舄,舄
舅,舅
与,與
与,與
与,與
兴,興
兴,興
兴,興
举,舉
旧,舊
舋,舋
舌,舌
舌,舌
舍,舍
舍,舍
舍,舍
舎,舎
舐,舐
舒,舒
舒,舒
舓,舓
舔,舔
铺,舖
舗,舗
馆,舘
舛,舛
舜,舜
舝,舝
舞,舞
舟,舟
舠,舠
舡,舡
舢,舢
舨,舨
船,舩
航,航
舫,舫
般,般
般,般
般,般
舭,舭
舲,舲
舳,舳
舴,舴
舵,舵
舶,舶
舷,舷
舸,舸
船,船
舺,舺
舾,舾
艁,艁
艄,艄
艅,艅
艇,艇
艉,艉
艋,艋
艎,艎
艏,艏
艑,艑
艕,艕
艖,艖
艗,艗
艘,艘
舱,艙
艚,艚
艜,艜
艟,艟
樯,艢
橹,艣
舣,艤
舰,艦
艨,艨
艩,艩
橹,艪
舻,艫
艬,艬
艭,艭
艮,艮
艮,艮
良,良
艰,艱
色,色
色,色
艴,艴
艳,艶
艳,艷
草,艸
艹,艹
艻,艻
艽,艽
艾,艾
艾,艾
艾,艾
艿,艿
芀,芀
芃,芃
芄,芄
芊,芊
芋,芋
芍,芍
芍,芍
芎,芎
芏,芏
芑,芑
芒,芒
芔,芔
芕,芕
芘,芘
芙,芙
芚,芚
芝,芝
芞,芞
芟,芟
芡,芡
芣,芣
芤,芤
芥,芥
芥,芥
芧,芧
芨,芨
芩,芩
芪,芪
芫,芫
芫,芫
芬,芬
芭,芭
芮,芮
芮,芮
芯,芯
芯,芯
芰,芰
花,花
花,花
花,芲
芳,芳
芴,芴
芴,芴
芷,芷
芸,芸
芸,芸
芹,芹
刍,芻
芼,芼
芽,芽
芾,芾
芾,芾
芿,芿
苄,苄
苉,苉
苊,苊
苑,苑
苑,苑
苒,苒
苓,苓
苔,苔
苔,苔
苕,苕
苕,苕
苗,苗
苗,苗
苘,苘
苙,苙
苛,苛
苜,苜
苞,苞
苟,苟
苟,苟
苠,苠
苡,苡
苣,苣
苣,苣
苤,苤
若,若
若,若
苦,苦
苎,苧
苩,苩
苪,苪
苫,苫
苯,苯
英,英
英,英
苲,苲
苴,苴
苴,苴
苶,苶
苷,苷
苹,苹
苺,苺
苻,苻
苾,苾
茀,茀
茁,茁
茂,茂
范,范
茄,茄
茄,茄
茅,茅
茅,茅
茆,茆
茆,茆
茇,茇
茈,茈
茈,茈
茉,茉
茊,茊
茌,茌
茍,茍
茓,茓
茖,茖
茗,茗
荔,茘
茚,茚
茛,茛
茜,茜
茜,茜
茝,茝
茞,茞
茠,茠
茢,茢
茥,茥
茦,茦
茨,茨
茫,茫
茬,茬
茭,茭
茯,茯
茱,茱
兹,茲
茳,茳
茴,茴
茵,茵
茶,茶
茷,茷
茸,茸
茹,茹
茹,茹
茻,茻
茼,茼
茽,茽
荀,荀
荀,荀
荁,荁
荃,荃
荄,荄
荅,荅
荅,荅
荇,荇
荈,荈
草,草
草,草
荆,荊
荞,荍
荏,荏
荑,荑
荑,荑
荒,荒
荔,荔
荘,荘
豆,荳
荵,荵
荷,荷
荷,荷
荷,荷
荸,荸
荻,荻
荼,荼
荽,荽
莆,莆
莉,莉
庄,莊
庄,莊
莎,莎
莎,莎
莒,莒
莒,莒
莓,莓
莔,莔
莕,莕
茎,莖
莘,莘
莘,莘
莘,莘
莙,莙
莚,莚
莛,莛
莜,莜
莝,莝
莞,莞
莞,莞
莞,莞
莠,莠
荚,莢
莦,莦
苋,莧
莨,莨
莩,莩
莩,莩
莪,莪
莫,莫
莫,莫
莭,莭
莰,莰
莽,莽
莿,莿
菀,菀
菀,菀
菁,菁
菂,菂
菃,菃
菅,菅
菆,菆
菇,菇
菉,菉
菊,菊
菌,菌
菌,菌
菎,菎
菏,菏
菐,菐
灾,菑
菑,菑
菑,菑
果,菓
菔,菔
芲,菕
菖,菖
菘,菘
菜,菜
菝,菝
菟,菟
菠,菠
菡,菡
菢,菢
菣,菣
菥,菥
菧,菧
菩,菩
菪,菪
菫,菫
华,華
华,華
华,華
华,華
菰,菰
菱,菱
菲,菲
菲,菲
菲,菲
庵,菴
菶,菶
菷,菷
烟,菸
菸,菸
菹,菹
菺,菺
菻,菻
菼,菼
菽,菽
菾,菾
萁,萁
萃,萃
萄,萄
萅,萅
萆,萆
苌,萇
苌,萇
莱,萊
萋,萋
萌,萌
萍,萍
萎,萎
萏,萏
萐,萐
萑,萑
萕,萕
萘,萘
萜,萜
萣,萣
萩,萩
万,萬
万,萬
萮,萮
萰,萰
萱,萱
萱,萲
荝,萴
莴,萵
萸,萸
萹,萹
萹,萹
萻,萻
萼,萼
落,落
落,落
落,落
葄,葄
葅,葅
葆,葆
葇,葇
叶,葉
叶,葉
葍,葍
葎,葎
葑,葑
荭,葒
葖,葖
着,著
着,著
着,著
着,著
著,著
葙,葙
葚,葚
葛,葛
葛,葛
葜,葜
参,葠
葡,葡
葡,葡
董,董
董,董
荮,葤
葥,葥
苇,葦
葧,葧
葩,葩
葫,葫
葬,葬
葭,葭
药,葯
葳,葳
葴,葴
葵,葵
葶,葶
荤,葷
荤,葷
葸,葸
葹,葹
葺,葺
葽,葽
蒂,蒂
蒄,蒄
蒎,蒎
蒐,蒐
莼,蒓
莳,蒔
莳,蒔
蒗,蒗
蒙,蒙
蒙,蒙
蒙,蒙
蒙,蒙
蒜,蒜
莅,蒞
蒟,蒟
蒡,蒡
蒢,蒢
蒦,蒦
蒨,蒨
蒪,蒪
蒭,蒭
蒯,蒯
蒱,蒱
蒲,蒲
蒲,蒲
蒴,蒴
蒸,蒸
蒹,蒹
蒺,蒺
蒻,蒻
苍,蒼
苍,蒼
蒽,蒽
蒿,蒿
荪,蓀
蓁,蓁
蓂,蓂
蓂,蓂
蓄,蓄
席,蓆
蓇,蓇
蓉,蓉
蓉,蓉
蓊,蓊
盖,蓋
盖,蓋
蓌,蓌
蓍,蓍
蓏,蓏
蓐,蓐
蓑,蓑
蓒,蓒
蓓,蓓
蓔,蓔
蓔,蓔
蓖,蓖
参,蓡
蓧,蓧
蓪,蓪
蓫,蓫
蓬,蓬
蓬,蓬
莲,蓮
苁,蓯
蓰,蓰
蓱,蓱
莼,蓴
蓷,蓷
蓸,蓸
蓺,蓺
蓼,蓼
蓼,蓼
荜,蓽
蓿,蓿
蔀,蔀
蔂,蔂
蔃,蔃
菱,蔆
蔇,蔇
蔉,蔉
蔊,蔊
蔋,蔋
蔌,蔌
蔌,蔌
蔎,蔎
蔑,蔑
蔓,蔓
蔓,蔓
卜,蔔
蒂,蔕
蔗,蔗
蔘,蔘
蔙,蔙
蔚,蔚
蔚,蔚
蒌,蔞
蔟,蔟
蔡,蔡
蒋,蔣
葱,蔥
茑,蔦
蔫,蔫
蔬,蔬
荫,蔭
蔯,蔯
蔳,蔳
麻,蔴
蔵,蔵
蔸,蔸
蔻,蔻
蔽,蔽
蔾,蔾
荨,蕁
蕃,蕃
蕃,蕃
蕃,蕃
蒇,蕆
蕈,蕈
蕉,蕉
蕉,蕉
蕊,蕊
蕊,蕋
蕍,蕍
荞,蕎
蕐,蕐
蕑,蕑
蕑,蕑
荬,蕒
芸,蕓
蕔,蕔
莸,蕕
蕖,蕖
蕗,蕗
荛,蕘
蕙,蕙
萼,蕚
蕝,蕝
蕞,蕞
蕠,蕠
蕡,蕡
蒉,蕢
蒉,蕢
蕣,蕣
蕤,蕤
蕨,蕨
荡,蕩
芜,蕪
萧,蕭
萧,蕭
蕮,蕮
蕳,蕳
蕶,蕶
蓣,蕷
蕸,蕸
蕹,蕹
蕺,蕺
蕻,蕻
蕻,蕻
蕾,蕾
萱,蕿
蕰,薀
薁,薁
薃,薃
薄,薄
薄,薄
薄,薄
薄,薄
薅,薅
薆,薆
薇,薇
荟,薈
薉,薉
蓟,薊
蓟,薊
芗,薌
薏,薏
薐,薐
姜,薑
蔷,薔
薖,薖
荙,薘
剃,薙
薛,薛
薛,薛
薜,薜
莶,薟
莶,薟
薠,薠
薢,薢
薤,薤
荐,薦
薧,薧
薨,薨
萨,薩
薪,薪
薫,薫
薬,薬
薯,薯
熏,薰
薰,薰
䓕,薳
薳,薳
苧,薴
薶,薶
薶,薶
薷,薷
薸,薸
薹,薹
荠,薺
荠,薺
薻,薻
薽,薽
薾,薾
薿,薿
藁,藁
藄,藄
藇,藇
藇,藇
借,藉
藉,藉
藉,藉
藉,藉
藊,藊
藋,藋
蓝,藍
蓝,藍
荩,藎
藏,藏
藏,藏
藏,藏
藐,藐
藒,藒
藕,藕
藘,藘
藙,藙
藚,藚
藜,藜
艺,藝
藟,藟
藠,藠
藤,藤
药,藥
藦,藦
藨,藨
藨,藨
藩,藩
薮,藪
䓖,藭
藳,藳
藴,藴
苈,藶
薯,藷
蔼,藹
蔺,藺
蔺,藺
藻,藻
萱,藼
藾,藾
藿,藿
萚,蘀
蘁,蘁
蕊,蘂
蕲,蘄
蘅,蘅
芦,蘆
苏,蘇
苏,蘇
蕴,蘊
苹,蘋
𬞟,蘋
萱,蘐
蘑,蘑
苏,蘓
蘗,蘗
蘘,蘘
藓,蘚
蘝,蘝
蔹,蘞
𮐨,蘡
茏,蘢
花,蘤
蘧,蘧
蘧,蘧
蘩,蘩
兰,蘭
兰,蘭
蘵,蘵
蘸,蘸
蓠,蘺
蘻,蘻
蘼,蘼
萝,蘿
虀,虀
蔂,虆
𬟁,虉
虍,虍
虎,虎
虐,虐
虒,虒
虓,虓
虔,虔
处,處
处,處
虖,虖
虗,虗
虙,虙
虚,虛
虏,虜
虞,虞
虞,虞
号,號
号,號
虡,虡
虢,虢
虣,虣
虥,虥
亏,虧
虩,虩
虫,虫
虬,虯
虰,虰
虱,虱
蛇,虵
虷,虷
虸,虸
虹,虹
虺,虺
虺,虺
虻,虻
虼,虼
蚄,蚄
蚆,蚆
蚈,蚈
蚉,蚉
蚊,蚊
蚋,蚋
蚌,蚌
蚌,蚌
蚍,蚍
蚓,蚓
蚔,蚔
蚖,蚖
蛔,蚘
蚛,蚛
蚜,蚜
蚡,蚡
蚣,蚣
蚤,蚤
蚦,蚦
蚧,蚧
蚨,蚨
蚩,蚩
蚩,蚩
蚪,蚪
蚯,蚯
蚰,蚰
蚱,蚱
蚲,蚲
蚳,蚳
蚴,蚴
蚵,蚵
蚶,蚶
蚹,蚹
蚺,蚺
蚻,蚻
蚽,蚽
蚿,蚿
蛀,蛀
蛁,蛁
蛄,蛄
蛅,蛅
蛆,蛆
蛇,蛇
蛉,蛉
蛋,蛋
蛋,蛋
蛌,蛌
蛍,蛍
蛐,蛐
蛑,蛑
蛓,蛓
蛔,蛔
蛔,蛕
蛘,蛘
蛙,蛙
蛚,蛚
蛛,蛛
蛜,蛜
蛞,蛞
蛟,蛟
蛡,蛡
蛣,蛣
蛤,蛤
蛤,蛤
蛧,蛧
蛩,蛩
蛭,蛭
蛵,蛵
蛸,蛸
蛸,蛸
蛹,蛹
蛱,蛺
蜕,蛻
蛾,蛾
蜀,蜀
蜂,蜂
蜃,蜃
蜅,蜅
蚬,蜆
蜇,蜇
蜇,蜇
蜈,蜈
蜉,蜉
蜊,蜊
螂,蜋
蜍,蜍
蜎,蜎
蜎,蜎
蜐,蜐
蜑,蜑
蜒,蜒
蜓,蜓
蛔,蜖
蜘,蜘
蜙,蜙
蜚,蜚
蜛,蜛
蜜,蜜
蜞,蜞
蜢,蜢
蜣,蜣
蜥,蜥
蝶,蜨
蜩,蜩
蜮,蜮
蜯,蜯
蜱,蜱
蜴,蜴
蜷,蜷
霓,蜺
蜻,蜻
蜽,蜽
蜾,蜾
蜿,蜿
𬟽,蝀
蝃,蝃
蝃,蝃
蝄,蝄
蝋,蝋
蝌,蝌
蝍,蝍
蝎,蝎
蝏,蝏
蝐,蝐
蝑,蝑
蝒,蝒
蝓,蝓
蚀,蝕
蝗,蝗
蝘,蝘
蝙,蝙
蝛,蝛
蝝,蝝
猬,蝟
蝠,蝠
蠕,蝡
蝣,蝣
蝤,蝤
蝥,蝥
虾,蝦
虾,蝦
虱,蝨
蝮,蝮
猿,蝯
蝰,蝰
虻,蝱
蝲,蝲
蝳,蝳
蝴,蝴
蝶,蝶
蜗,蝸
蝻,蝻
蝽,蝽
螂,螂
螃,螃
蛳,螄
螅,螅
螈,螈
螉,螉
螋,螋
融,融
融,螎
螒,螒
螓,螓
螗,螗
螘,螘
螙,螙
螚,螚
蚂,螞
蚂,螞
蚂,螞
螟,螟
螠,螠
蚊,螡
萤,螢
螣,螣
螥,螥
螫,螫
螫,螫
螬,螬
螭,螭
䗖,螮
螯,螯
螳,螳
螵,螵
螺,螺
蝼,螻
螽,螽
螾,螾
螀,螿
蟀,蟀
蚊,蟁
蛰,蟄
蟅,蟅
蟆,蟆
蟆,蟇
蝈,蟈
蟊,蟊
蟋,蟋
螨,蟎
蟑,蟑
蟒,蟒
蟓,蟓
蟛,蟛
蟜,蟜
蟜,蟜
蟟,蟟
蟠,蟠
蟢,蟢
虮,蟣
蟥,蟥
蟨,蟨
蟪,蟪
蝉,蟬
蟭,蟭
蟮,蟮
蛲,蟯
虫,蟲
蟳,蟳
蛏,蟶
蟷,蟷
蟹,蟹
蟺,蟺
蚁,蟻
蟾,蟾
蟿,蟿
蚃,蠁
蠂,蠂
蠃,蠃
蝇,蠅
虿,蠆
蠉,蠉
蠊,蠊
蠋,蠋
蝎,蠍
蠎,蠎
蟹,蠏
蛴,蠐
蝾,蠑
茧,蠒
蠓,蠓
蚝,蠔
蠕,蠕
蠖,蠖
蠗,蠗
𧏖,蠙
蠚,蠚
蠛,蠛
蠜,蠜
蜡,蠟
蠡,蠡
蠡,蠡
蠢,蠢
蛎,蠣
蠧,蠧
蟏,蠨
蠩,蠩
蜂,蠭
蠮,蠮
蠰,蠰
蛊,蠱
蠲,蠲
蠵,蠵
蚕,蠶
蠷,蠷
蠸,蠸
蠹,蠹
蛮,蠻
蠼,蠼
蠽,蠽
血,血
血,血
衁,衁
衄,衂
衄,衄
众,衆
脉,衇
衈,衈
衉,衉
蔑,衊
衋,衋
行,行
行,行
衍,衍
衎,衎
衒,衒
术,術
术,術
同,衕
弄,衖
衖,衖
街,街
衔,衘
衙,衙
衙,衙
胡,衚
卫,衛
卫,衛
冲,衝
冲,衝
衞,衞
衟,衟
衡,衡
衢,衢
衣,衣
衣,衣
衤,衤
表,表
衩,衩
衩,衩
衫,衫
衭,衭
衰,衰
衰,衰
衲,衲
衵,衵
衷,衷
只,衹
衹,衹
邪,衺
衽,衽
衾,衾
衿,衿
袁,袁
袁,袁
袂,袂
袈,袈
袋,袋
袍,袍
袎,袎
袒,袒
袖,袖
袗,袗
袚,袚
衮,袞
袟,袟
袟,袟
帙,袠
袢,袢
袤,袤
袪,袪
被,被
袮,袮
袮,袮
袱,袱
袲,袲
裤,袴
衽,袵
袷,袷
袷,袷
袺,袺
袼,袼
袽,袽
袿,袿
裀,裀
裁,裁
裂,裂
裇,裇
裉,裉
袅,裊
裋,裋
夹,裌
裍,裍
裎,裎
裎,裎
里,裏
裒,裒
裔,裔
裕,裕
裘,裘
裘,裘
裙,裙
裛,裛
补,補
装,裝
裟,裟
裙,裠
里,裡
裨,裨
裨,裨
裨,裨
裩,裩
裯,裯
裰,裰
裱,裱
裲,裲
裳,裳
裳,裳
裴,裴
裴,裴
裴,裵
裸,裸
裹,裹
裼,裼
裼,裼
制,製
裾,裾
褀,褀
褂,褂
复,複
褉,褉
褊,褊
裈,褌
褎,褎
褏,褏
褐,褐
褒,褒
褓,褓
褔,褔
褕,褕
袆,褘
褙,褙
褚,褚
褚,褚
褟,褟
褡,褡
褢,褢
褥,褥
褦,褦
褧,褧
褪,褪
褪,褪
褫,褫
袅,褭
褯,褯
褰,褰
褱,褱
裤,褲
裢,褳
褵,褵
褶,褶
褶,褶
褛,褸
亵,褻
褽,褽
褾,褾
襁,襁
褒,襃
襄,襄
襄,襄
襆,襆
裥,襇
裥,襉
襋,襋
襌,襌
杂,襍
袯,襏
袄,襖
襚,襚
襛,襛
襜,襜
裣,襝
襞,襞
襟,襟
裆,襠
襡,襡
袒,襢
襢,襢
褴,襤
襥,襥
襦,襦
袜,襪
襫,襫
䙓,襬
襭,襭
襮,襮
衬,襯
袭,襲
襕,襴
襶,襶
襻,襻
襼,襼
襽,襽
襾,襾
西,西
西,西
要,要
要,要
覂,覂
覃,覃
覃,覃
覃,覃
覅,覅
复,覆
覆,覆
霸,覇
核,覈
覉,覉
羁,覊
见,見
见,見
覌,覌
觃,覎
规,規
覐,覐
覐,覐
觅,覓
觅,覔
视,視
覗,覗
觇,覘
覚,覚
覜,覜
觋,覡
覤,覤
觍,覥
觎,覦
覧,覧
睹,覩
亲,親
亲,親
觊,覬
觏,覯
覰,覰
觐,覲
観,観
觑,覷
觉,覺
觉,覺
览,覽
觌,覿
观,觀
观,觀
观,觀
角,角
角,角
角,角
觔,觔
粗,觕
觖,觖
觚,觚
觜,觜
觜,觜
觝,觝
觡,觡
解,解
解,解
解,解
解,解
觥,觥
觧,觧
觧,觧
觧,觧
觩,觩
觫,觫
觭,觭
觱,觱
觳,觳
觞,觴
觵,觵
觯,觶
觷,觷
触,觸
觺,觺
觼,觼
觽,觽
觾,觾
觿,觿
言,言
讠,訁
订,訂
讣,訃
訄,訄
訇,訇
訇,訇
计,計
计,計
讯,訊
讧,訌
讨,討
𬣙,訏
讦,訐
訑,訑
讱,訒
训,訓
讪,訕
讫,訖
托,託
记,記
讹,訛
讶,訝
讼,訟
䜣,訢
诀,訣
讷,訥
訧,訧
访,訪
訬,訬
设,設
许,許
许,許
訳,訳
诉,訴
诃,訶
訹,訹
诊,診
注,註
证,証
訾,訾
訾,訾
訾,訾
𧮪,詀
诂,詁
詅,詅
诋,詆
詈,詈
詊,詊
讵,詎
诈,詐
詑,詑
诒,詒
诏,詔
评,評
诐,詖
诇,詗
诎,詘
诅,詛
𬣞,詝
词,詞
咏,詠
诩,詡
询,詢
诣,詣
试,試
察,詧
詨,詨
诗,詩
诗,詩
诧,詫
诟,詬
诡,詭
诠,詮
诘,詰
话,話
该,該
详,詳
诜,詵
酬,詶
詸,詸
詹,詹
詹,詹
詻,詻
诙,詼
诖,詿
誂,誂
誃,誃
诔,誄
诛,誅
诓,誆
夸,誇
誋,誋
志,誌
认,認
诳,誑
诶,誒
诶,誒
诶,誒
诶,誒
诶,誒
誓,誓
诞,誕
悖,誖
诱,誘
誙,誙
诮,誚
语,語
语,語
诚,誠
诫,誡
诬,誣
误,誤
诰,誥
诵,誦
誧,誧
诲,誨
说,說
说,說
说,説
読,読
誯,誯
谁,誰
课,課
谇,誶
诽,誹
谊,誼
訚,誾
訚,誾
调,調
调,調
谄,諂
谆,諄
諆,諆
谈,談
谈,談
诿,諉
请,請
諌,諌
诤,諍
诹,諏
愆,諐
诼,諑
谅,諒
諕,諕
论,論
论,論
谂,諗
话,諙
谀,諛
谍,諜
谞,諝
谝,諞
𬤊,諟
喧,諠
谥,諡
诨,諢
谔,諤
谛,諦
谐,諧
谏,諫
谏,諫
谕,諭
谘,諮
讳,諱
谙,諳
𫍯,諴
諵,諵
谌,諶
谌,諶
讽,諷
诸,諸
诸,諸
谚,諺
谖,諼
诺,諾
谋,謀
谒,謁
谓,謂
谓,謂
誊,謄
诌,謅
謆,謆
謇,謇
谎,謊
謋,謋
歌,謌
謍,謍
谜,謎
谜,謎
𫍲,謏
𫍲,謏
谧,謐
謑,謑
谑,謔
谡,謖
谤,謗
谦,謙
谥,謚
谥,謚
讲,講
谢,謝
谢,謝
谣,謠
謡,謡
謦,謦
谟,謨
谟,謩
謪,謪
谪,謫
谬,謬
谫,謭
讴,謳
謷,謷
谨,謹
謼,謼
谩,謾
谩,謾
哗,譁
譅,譅
嘻,譆
譈,譈
证,證
譊,譊
讹,譌
谲,譎
讥,譏
譒,譒
撰,譔
谮,譖
识,識
识,識
谯,譙
谯,譙
谯,譙
谭,譚
谭,譚
谱,譜
𫍽,譞
噪,譟
譡,譡
譢,譢
警,警
譩,譩
谵,譫
譬,譬
毁,譭
译,譯
议,議
譱,譱
譲,譲
谴,譴
譶,譶
护,護
诪,譸
譹,譹
誉,譽
譾,譾
读,讀
读,讀
谪,讁
赞,讃
谉,讅
讆,讆
讇,讇
变,變
詟,讋
䜩,讌
仇,讎
雠,讎
讏,讏
仇,讐
讐,讐
谗,讒
让,讓
谰,讕
谶,讖
讘,讘
欢,讙
赞,讚
谠,讜
谳,讞
𮙋,讟
讬,讬
谷,谷
谷,谷
谽,谽
溪,谿
豁,豁
豁,豁
豁,豁
豅,豅
豆,豆
豇,豇
岂,豈
岂,豈
豉,豉
豊,豊
豊,豊
豋,豋
豌,豌
豍,豍
竖,豎
豏,豏
丰,豐
丰,豐
豑,豑
艳,豓
艳,豔
豕,豕
豖,豖
豗,豗
豚,豚
豜,豜
豝,豝
豞,豞
象,象
豢,豢
豣,豣
豦,豦
豨,豨
豪,豪
豫,豫
豫,豫
猪,豬
豭,豭
豱,豱
豳,豳
豵,豵
豮,豶
豷,豷
豸,豸
豹,豹
豺,豺
豻,豻
豻,豻
貂,貂
貅,貅
貆,貆
貉,貉
貉,貉
貊,貊
貌,貌
狸,貍
猊,貎
猫,貓
猫,貓
貔,貔
貘,貘
䝙,貙
獾,貛
貜,貜
贝,貝
贝,貝
贞,貞
贠,貟
负,負
财,財
贡,貢
贡,貢
貤,貤
贫,貧
货,貨
贩,販
贪,貪
贯,貫
责,責
贮,貯
贳,貰
赀,貲
贰,貳
贵,貴
贵,貴
贬,貶
买,買
贷,貸
贶,貺
费,費
费,費
贴,貼
贻,貽
贸,貿
贺,賀
贺,賀
贲,賁
贲,賁
贲,賁
赂,賂
赁,賃
贿,賄
赅,賅
赅,賅
资,資
贾,賈
贾,賈
恤,賉
贼,賊
賌,賌
賏,賏
赈,賑
赊,賒
宾,賓
赇,賕
赒,賙
赉,賚
赞,賛
赐,賜
賝,賝
赏,賞
赔,賠
赓,賡
贤,賢
卖,賣
贱,賤
賥,賥
赋,賦
赕,賧
賨,賨
质,質
赍,賫
账,賬
赌,賭
賮,賮
赖,賴
赖,賴
赗,賵
赍,賷
剩,賸
赚,賺
赚,賺
赙,賻
购,購
赛,賽
赜,賾
贽,贄
赘,贅
赟,贇
赠,贈
贉,贉
赞,贊
赝,贋
赡,贍
赢,贏
赆,贐
赣,贑
赃,贓
赑,贔
贕,贕
赎,贖
赝,贗
赣,贛
赃,贜
赤,赤
赦,赦
赧,赧
赩,赩
赫,赫
赫,赫
赪,赬
赭,赭
赯,赯
走,走
赱,赱
赳,赳
赴,赴
起,起
赸,赸
趁,趁
趁,趂
趄,趄
趄,趄
超,超
越,越
越,越
趐,趐
趑,趑
趒,趒
趔,趔
赶,趕
赵,趙
赵,趙
趟,趟
趟,趟
趡,趡
趣,趣
趦,趦
趋,趨
趫,趫
趮,趮
趯,趯
趯,趯
趱,趲
足,足
足,足
趴,趴
趵,趵
趷,趷
趹,趹
趺,趺
趼,趼
趾,趾
趿,趿
跁,跁
跂,跂
跂,跂
跂,跂
跂,跂
跂,跂
跅,跅
跆,跆
跋,跋
跌,跌
跍,跍
跎,跎
跏,跏
跐,跐
跑,跑
跑,跑
跕,跕
跖,跖
跗,跗
跙,跙
跚,跚
跛,跛
距,距
跟,跟
迹,跡
跣,跣
跤,跤
跺,跥
跦,跦
跧,跧
跨,跨
跩,跩
跪,跪
跫,跫
跬,跬
跮,跮
路,路
路,路
跱,跱
跲,跲
跳,跳
踩,跴
跺,跺
局,跼
跽,跽
胫,踁
踅,踅
踅,踅
踆,踆
踈,踈
踉,踉
踉,踉
踊,踊
踋,踋
踏,踏
踏,踏
践,踐
踒,踒
踔,踔
踖,踖
踘,踘
踜,踜
踝,踝
踞,踞
踟,踟
踠,踠
踡,踡
踢,踢
踣,踣
踤,踤
踥,踥
踦,踦
踧,踧
踩,踩
踪,踪
碰,踫
踮,踮
逾,踰
踱,踱
踊,踴
踵,踵
踶,踶
踹,踹
踺,踺
踼,踼
踽,踽
蹀,蹀
蹁,蹁
蹂,蹂
蹄,蹄
蹅,蹅
蹇,蹇
蹇,蹇
蹈,蹈
蹉,蹉
蹊,蹊
蹊,蹊
蹋,蹋
跄,蹌
跄,蹌
蹎,蹎
蹄,蹏
蹐,蹐
蹓,蹓
暂,蹔
跸,蹕
蹙,蹙
蹚,蹚
蹜,蹜
蹝,蹝
迹,蹟
跖,蹠
蹡,蹡
𬧀,蹡
蹢,蹢
蹒,蹣
踪,蹤
蹦,蹦
蹧,蹧
蹩,蹩
蹪,蹪
蹬,蹬
蹬,蹬
蹭,蹭
蹮,蹮
蹯,蹯
蹲,蹲
蹴,蹴
蹴,蹵
蹶,蹶
蹶,蹶
跷,蹺
跷,蹻
蹼,蹼
蹽,蹽
蹾,蹾
躁,躁
跶,躂
躃,躃
躄,躄
躅,躅
躇,躇
趸,躉
踌,躊
跻,躋
跃,躍
躐,躐
踯,躑
跞,躒
踬,躓
躔,躔
蹰,躕
躗,躗
𨀁,躘
躙,躙
跹,躚
躛,躛
𨅬,躝
躞,躞
躠,躠
蹑,躡
躣,躣
蹿,躥
躜,躦
躧,躧
躩,躩
躏,躪
身,身
躬,躬
耽,躭
躰,躰
躲,躲
躬,躳
裸,躶
躹,躹
躺,躺
躯,軀
軃,軃
軆,軆
车,車
车,車
车,車
轧,軋
轧,軋
轧,軋
轧,軋
轨,軌
军,軍
𫐄,軏
轩,軒
轩,軒
轫,軔
軖,軖
軘,軘
軚,軚
轭,軛
軜,軜
𬨂,軝
软,軟
軠,軠
軡,軡
転,転
轷,軤
軥,軥
軨,軨
轸,軫
軭,軭
軱,軱
轱,軲
軶,軶
軷,軷
轴,軸
轴,軸
轵,軹
轺,軺
轲,軻
轲,軻
轶,軼
軽,軽
轼,軾
軿,軿
輀,輀
輂,輂
较,較
辂,輅
辁,輇
辀,輈
载,載
载,載
轾,輊
𪨶,輋
辄,輒
挽,輓
辅,輔
轻,輕
𫐐,輗
辄,輙
辆,輛
辎,輜
辉,輝
辋,輞
辍,輟
輠,輠
輣,輣
輤,輤
辊,輥
辇,輦
辈,輩
轮,輪
輫,輫
辌,輬
软,輭
𫐓,輮
辑,輯
辏,輳
輴,輴
輵,輵
𬨎,輶
输,輸
輹,輹
辐,輻
輼,輼
辗,輾
舆,輿
辒,轀
毂,轂
毂,轂
辖,轄
辕,轅
辘,轆
轇,轇
转,轉
转,轉
转,轉
辙,轍
轿,轎
轏,轏
轑,轑
轒,轒
辚,轔
轕,轕
轖,轖
𫐘,轗
轘,轘
轙,轙
轜,轜
轝,轝
轞,轞
轰,轟
辔,轡
轹,轢
轳,轤
辛,辛
辛,辛
辜,辜
辜,辜
辟,辟
辟,辟
罪,辠
辣,辢
辣,辣
辞,辤
办,辦
辨,辨
辞,辭
辫,辮
辩,辯
辰,辰
辱,辱
农,農
农,農
农,辳
辵,辵
辶,辶
辺,辺
辻,辻
込,込
辿,辿
迂,迂
迄,迄
迅,迅
迆,迆
迆,迆
迋,迋
迍,迍
迎,迎
迏,迏
近,近
迓,迓
返,返
迕,迕
迢,迢
迣,迣
迤,迤
迤,迤
迥,迥
迦,迦
迨,迨
迪,迪
迫,迫
迫,迫
迭,迭
迮,迮
述,述
回,迴
迶,迶
迷,迷
迸,迸
迹,迹
迺,迺
迻,迻
追,追
追,追
迿,迿
退,退
送,送
适,适
逃,逃
逄,逄
逅,逅
逆,逆
迥,逈
逋,逋
逌,逌
逍,逍
透,透
逐,逐
逑,逑
逓,逓
途,途
迳,逕
逖,逖
逗,逗
这,這
这,這
通,通
通,通
逛,逛
逝,逝
逞,逞
速,速
造,造
逡,逡
逢,逢
连,連
连,連
回,逥
奔,逩
逭,逭
逮,逮
逮,逮
逯,逯
逯,逯
周,週
进,進
逴,逴
逵,逵
逶,逶
逸,逸
逹,逹
逺,逺
逼,逼
逾,逾
逿,逿
遁,遁
遂,遂
遂,遂
遄,遄
遅,遅
遇,遇
遇,遇
侦,遉
游,遊
运,運
遍,遍
过,過
过,過
过,過
遏,遏
遐,遐
遑,遑
遒,遒
道,道
达,達
达,達
违,違
遘,遘
遥,遙
遛,遛
遛,遛
逊,遜
遝,遝
递,遞
遟,遟
远,遠
远,遠
溯,遡
遢,遢
遣,遣
遨,遨
适,適
适,適
遫,遫
遭,遭
遮,遮
遁,遯
遰,遰
迟,遲
迟,遲
遴,遴
遴,遴
遵,遵
绕,遶
迁,遷
选,選
遹,遹
遹,遹
遗,遺
遻,遻
辽,遼
辽,遼
遽,遽
避,避
邀,邀
迈,邁
邂,邂
邃,邃
还,還
还,還
还,還
邅,邅
邆,邆
迩,邇
邈,邈
邉,邉
边,邊
边,邊
邋,邋
邎,邎
逻,邏
逦,邐
邑,邑
邕,邕
邕,邕
邗,邗
邘,邘
邘,邘
邙,邙
邛,邛
邠,邠
邠,邠
邡,邡
邢,邢
那,那
那,那
那,那
那,那
那,那
邦,邦
邧,邧
村,邨
邨,邨
邪,邪
邯,邯
邰,邰
邱,邱
邱,邱
邲,邲
邳,邳
邳,邳
邴,邴
邴,邴
邵,邵
邶,邶
邷,邷
邷,邷
邸,邸
邸,邸
邽,邽
邾,邾
邾,邾
邿,邿
郁,郁
郁,郁
郃,郃
郄,郄
郄,郄
郅,郅
郅,郅
郇,郇
郈,郈
郊,郊
郊,郊
郎,郎
郎,郎
郔,郔
郕,郕
郗,郗
郙,郙
郚,郚
郛,郛
郜,郜
郝,郝
郞,郞
郞,郞
郏,郟
郠,郠
郡,郡
郢,郢
郤,郤
郤,郤
部,部
郪,郪
郫,郫
郭,郭
郭,郭
郯,郯
郰,郰
郲,郲
郳,郳
郴,郴
邮,郵
郷,郷
郹,郹
都,都
都,都
都,都
郾,郾
郿,郿
鄀,鄀
鄂,鄂
鄄,鄄
鄅,鄅
郓,鄆
鄇,鄇
鄈,鄈
乡,鄉
鄋,鄋
鄍,鄍
鄎,鄎
鄏,鄏
鄐,鄐
鄑,鄑
邹,鄒
邬,鄔
鄕,鄕
郧,鄖
鄗,鄗
鄘,鄘
鄙,鄙
鄚,鄚
鄜,鄜
鄞,鄞
鄠,鄠
鄢,鄢
鄣,鄣
鄤,鄤
鄦,鄦
鄦,鄦
邓,鄧
𬩽,鄩
鄫,鄫
鄬,鄬
郑,鄭
郑,鄭
鄮,鄮
鄯,鄯
邻,鄰
鄱,鄱
郸,鄲
邺,鄴
鄵,鄵
郐,鄶
鄷,鄷
鄹,鄹
邝,鄺
鄻,鄻
鄾,鄾
鄿,鄿
酃,酃
酅,酅
酆,酆
酂,酇
郦,酈
酉,酉
酊,酊
酊,酊
酋,酋
酌,酌
配,配
酎,酎
酏,酏
酐,酐
酒,酒
酔,酔
酕,酕
酖,酖
酖,酖
酗,酗
酚,酚
酞,酞
酡,酡
酢,酢
酢,酢
酣,酣
酤,酤
酥,酥
酬,酧
酩,酩
酪,酪
酬,酬
酮,酮
酯,酯
酰,酰
酲,酲
酴,酴
酵,酵
酶,酶
酷,酷
酸,酸
酹,酹
酺,酺
醁,醁
醂,醂
腌,醃
醄,醄
醅,醅
醆,醆
醇,醇
醉,醉
醊,醊
醋,醋
醌,醌
醍,醍
醐,醐
醑,醑
醒,醒
醓,醓
醇,醕
醖,醖
醚,醚
醛,醛
丑,醜
醝,醝
酝,醞
醟,醟
醡,醡
醢,醢
醣,醣
醤,醤
醨,醨
醪,醪
医,醫
酱,醬
醭,醭
醮,醮
醯,醯
醰,醰
酦,醱
酦,醱
𬪩,醲
醳,醳
醴,醴
醵,醵
醸,醸
醹,醹
醺,醺
酬,醻
宴,醼
醽,醽
醾,醾
酿,釀
衅,釁
釂,釂
酾,釃
酽,釅
釆,釆
采,采
采,采
釈,釈
釉,釉
释,釋
里,里
里,里
重,重
重,重
野,野
量,量
量,量
厘,釐
厘,釐
金,金
金,金
钆,釓
钇,釔
钌,釕
钌,釕
钊,釗
钉,釘
钉,釘
钋,釙
釜,釜
针,針
釡,釡
釢,釢
钓,釣
钐,釤
钐,釤
扣,釦
钏,釧
钏,釧
钒,釩
釪,釪
焊,釬
釭,釭
釱,釱
𨰿,釳
钗,釵
钍,釷
釸,釸
钕,釹
钎,釺
钯,鈀
钯,鈀
钫,鈁
钘,鈃
钭,鈄
钭,鈄
鈆,鈆
铅,鈆
𫓧,鈇
钚,鈈
钠,鈉
鈌,鈌
钝,鈍
钩,鈎
钤,鈐
钣,鈑
钑,鈒
钑,鈒
钞,鈔
钮,鈕
钮,鈕
钧,鈞
钙,鈣
鈤,鈤
钬,鈥
钛,鈦
钪,鈧
鈬,鈬
鈬,鈬
铌,鈮
铈,鈰
钶,鈳
铃,鈴
钴,鈷
钹,鈸
铍,鈹
钰,鈺
钸,鈽
钸,鈽
铀,鈾
钿,鈿
钿,鈿
钾,鉀
鉄,鉄
鉄,鉄
钜,鉅
鉆,鉆
铊,鉈
铉,鉉
𬬿,鉊
铇,鉋
鉌,鉌
铋,鉍
鉏,鉏
铂,鉑
钷,鉕
钳,鉗
铆,鉚
铅,鉛
铅,鉛
𫟷,鉝
钺,鉞
鉠,鉠
钵,鉢
钩,鉤
𬬸,鉥
钲,鉦
𬭁,鉧
鉨,鉨
鿭,鉨
钼,鉬
钽,鉭
鉱,鉱
鉲,鉲
鉳,鉳
铏,鉶
铰,鉸
铒,鉺
铬,鉻
鉼,鉼
鉾,鉾
铪,鉿
银,銀
铳,銃
铜,銅
铚,銍
銎,銎
铣,銑
铣,銑
铨,銓
銕,銕
铢,銖
铭,銘
铫,銚
铫,銚
铫,銚
铦,銛
衔,銜
銞,銞
铑,銠
铷,銣
銤,銤
铱,銥
铟,銦
銧,銧
铵,銨
铥,銩
铕,銪
铯,銫
铐,銬
銭,銭
銰,銰
铞,銱
焊,銲
锐,銳
銵,銵
𨱇,銶
销,銷
锈,銹
锑,銻
锉,銼
汞,銾
銾,銾
铝,鋁
鋂,鋂
锒,鋃
锌,鋅
鋆,鋆
钡,鋇
鋈,鋈
鋊,鋊
铤,鋌
铤,鋌
鋍,鋍
铗,鋏
𬭎,鋐
鋑,鋑
锋,鋒
鋕,鋕
鋘,鋘
铻,鋙
锊,鋝
锓,鋟
鋡,鋡
铘,鋣
锄,鋤
锃,鋥
锔,鋦
锔,鋦
锇,鋨
铓,鋩
铺,鋪
铺,鋪
鋬,鋬
鋭,鋭
铖,鋮
锆,鋯
锂,鋰
铽,鋱
鋳,鋳
锯,鋸
锯,鋸
𬬮,鋹
鋺,鋺
鉴,鋻
钢,鋼
𬬭,錀
锞,錁
录,錄
录,錄
锖,錆
锫,錇
锩,錈
錍,錍
铔,錏
锥,錐
锕,錒
錔,錔
锟,錕
锤,錘
锱,錙
铮,錚
锛,錛
𬭚,錞
锬,錟
锭,錠
锜,錡
钱,錢
钱,錢
𫓹,錤
锦,錦
锚,錨
锠,錩
锡,錫
錬,錬
锢,錮
错,錯
错,錯
録,録
锰,錳
錴,錴
錵,錵
表,錶
铼,錸
錼,錼
锝,鍀
锨,鍁
锪,鍃
鍅,鍅
钔,鍆
锴,鍇
锳,鍈
鍉,鍉
炼,鍊
锅,鍋
镀,鍍
鍏,鍏
鍐,鍐
锷,鍔
铡,鍘
钖,鍚
锻,鍛
锽,鍠
锸,鍤
锲,鍥
锘,鍩
鍪,鍪
锹,鍫
锹,鍬
𬭤,鍭
锾,鍰
鍱,鍱
鉴,鍳
鍴,鍴
键,鍵
锶,鍶
鍹,鍹
锗,鍺
针,鍼
钟,鍾
钟,鍾
镁,鎂
锿,鎄
镅,鎇
鎉,鎉
镑,鎊
鎋,鎋
镰,鎌
鎍,鎍
鎏,鎏
鎒,鎒
𬭩,鎓
镕,鎔
锁,鎖
枪,鎗
镉,鎘
锤,鎚
镈,鎛
𨱏,鎝
鎞,鎞
镃,鎡
钨,鎢
蓥,鎣
鎤,鎤
镏,鎦
镏,鎦
铠,鎧
铩,鎩
锼,鎪
镐,鎬
镐,鎬
鎭,鎭
镇,鎮
𨱍,鎯
镒,鎰
镋,鎲
镍,鎳
鎴,鎴
镓,鎵
鿔,鎶
鎸,鎸
鎹,鎹
锁,鎻
镎,鎿
鏁,鏁
镞,鏃
镟,鏇
链,鏈
鏊,鏊
镆,鏌
镠,鏐
镝,鏑
镝,鏑
鏖,鏖
铿,鏗
锵,鏘
鏚,鏚
镗,鏜
镘,鏝
镛,鏞
铲,鏟
鏠,鏠
镜,鏡
镖,鏢
镂,鏤
鏦,鏦
錾,鏨
镚,鏰
铧,鏵
镤,鏷
鏸,鏸
镪,鏹
镪,鏹
𬭸,鏻
锈,鏽
鏾,鏾
铙,鐃
𨱑,鐄
𫔍,鐇
𨱔,鐏
镣,鐐
铹,鐒
镦,鐓
镡,鐔
镡,鐔
鐗,鐗
钟,鐘
镫,鐙
镢,鐝
镨,鐠
鐡,鐡
锎,鐦
锏,鐧
镄,鐨
𬭼,鐩
镌,鐫
镰,鐮
鐱,鐱
镯,鐲
镭,鐳
铁,鐵
铁,鐵
镮,鐶
铎,鐸
铎,鐸
铛,鐺
铛,鐺
鐻,鐻
𫟼,鐽
鐾,鐾
镱,鐿
鑀,鑀
铸,鑄
鑅,鑅
镬,鑊
镔,鑌
鑐,鑐
鉴,鑑
鉴,鑒
镲,鑔
锧,鑕
钻,鑚
矿,鑛
镴,鑞
铄,鑠
鑢,鑢
鑢,鑢
镳,鑣
刨,鑤
镥,鑥
炉,鑪
𬬻,鑪
鑫,鑫
镧,鑭
鑯,鑯
钥,鑰
镵,鑱
镶,鑲
鑳,鑳
鑴,鑴
罐,鑵
鑶,鑶
镊,鑷
镩,鑹
锣,鑼
钻,鑽
钻,鑽
銮,鑾
凿,鑿
䦆,钁
镋,钂
钃,钃
锺,锺
长,長
长,長
镸,镸
镻,镻
门,門
门,門
闩,閂
闪,閃
闪,閃
闫,閆
閇,閇
闬,閈
闭,閉
开,開
闶,閌
闳,閎
闳,閎
闰,閏
闲,閑
閒,閒
閒,閒
闲,閒
间,間
间,間
闵,閔
闵,閔
閗,閗
闸,閘
闹,閙
閛,閛
閟,閟
阂,閡
関,関
阁,閣
合,閤
𬮤,閤
𬮤,閤
阀,閥
閦,閦
哄,閧
闺,閨
闽,閩
阃,閫
阆,閬
阆,閬
闾,閭
阅,閱
閲,閲
閳,閳
阊,閶
阉,閹
閺,閺
阎,閻
阎,閻
阏,閼
阏,閼
阍,閽
阈,閾
阌,閿
闁,闁
阒,闃
板,闆
板,闆
暗,闇
闱,闈
𬮱,闉
𬮱,闉
阔,闊
阕,闋
阑,闌
阇,闍
阇,闍
阗,闐
𫔶,闑
阘,闒
闿,闓
阖,闔
阙,闕
阙,闕
阙,闕
闯,闖
闗,闗
闘,闘
窥,闚
关,關
关,關
阚,闞
阚,闞
闟,闟
阓,闠
阐,闡
辟,闢
阛,闤
闼,闥
阜,阜
阞,阞
阡,阡
阢,阢
阤,阤
阨,阨
阪,阪
坑,阬
阮,阮
阮,阮
址,阯
阰,阰
阱,阱
防,防
阹,阹
阻,阻
阼,阼
阽,阽
阿,阿
阿,阿
阿,阿
陀,陀
陁,陁
陂,陂
陂,陂
附,附
陋,陋
陌,陌
降,降
降,降
陎,陎
陏,陏
限,限
陑,陑
陔,陔
陖,陖
峭,陗
陉,陘
陛,陛
陜,陜
陕,陝
升,陞
陟,陟
陡,陡
院,院
阵,陣
除,除
陥,陥
陪,陪
陬,陬
阴,陰
阴,陰
陲,陲
陈,陳
陈,陳
陴,陴
陵,陵
陶,陶
陶,陶
陷,陷
陆,陸
陆,陸
陆,陸
険,険
堙,陻
陼,陼
阳,陽
陾,陾
狭,陿
阴,隂
隃,隃
堤,隄
隅,隅
隆,隆
隆,隆
隆,隆
隈,隈
陧,隉
队,隊
隋,隋
隍,隍
阶,階
隒,隒
隔,隔
陨,隕
坞,隖
隗,隗
隗,隗
隗,隗
隘,隘
隙,隙
际,際
障,障
隞,隞
隟,隟
隠,隠
邻,隣
𬯎,隤
隧,隧
随,隨
随,隨
隩,隩
险,險
𬯀,隮
隰,隰
隰,隰
隐,隱
隐,隱
隳,隳
陇,隴
隶,隷
隶,隸
隹,隹
只,隻
隼,隼
雀,雀
雀,雀
雁,雁
雂,雂
雄,雄
雅,雅
集,集
雇,雇
雈,雈
雉,雉
雊,雊
隽,雋
隽,雋
隽,雋
雌,雌
雍,雍
雍,雍
雎,雎
雑,雑
雒,雒
雕,雕
虽,雖
雗,雗
雘,雘
双,雙
双,雙
雚,雚
雚,雚
雏,雛
杂,雜
雍,雝
鸡,雞
雟,雟
离,離
离,離
难,難
难,難
雨,雨
雨,雨
雩,雩
雪,雪
雪,雪
雯,雯
雰,雰
雱,雱
云,雲
云,雲
零,零
雷,雷
雷,雷
雹,雹
电,電
需,需
霂,霂
霄,霄
霅,霅
霅,霅
霆,霆
震,震
霈,霈
霉,霉
霊,霊
霍,霍
霍,霍
霎,霎
霏,霏
沾,霑
霒,霒
霓,霓
霖,霖
霙,霙
霛,霛
霜,霜
霝,霝
霞,霞
霡,霡
霢,霢
霣,霣
霤,霤
雾,霧
霨,霨
霩,霩
霪,霪
霫,霫
霮,霮
霰,霰
露,露
露,露
露,露
霸,霸
霹,霹
霺,霺
霁,霽
霾,霾
靁,靁
雳,靂
霭,靄
叇,靆
灵,靈
叆,靉
靐,靐
靑,靑
青,青
青,青
靖,靖
靖,靖
靓,靚
靓,靚
靛,靛
静,靜
靔,靝
非,非
非,非
靠,靠
靡,靡
靡,靡
面,面
靣,靣
䩄,靦
腼,靦
靥,靨
革,革
靪,靪
靬,靬
韧,靭
靮,靮
靰,靰
韧,靱
靲,靲
靳,靳
靳,靳
靴,靴
靶,靶
靷,靷
靸,靸
靺,靺
靼,靼
靿,靿
鼗,鞀
鞁,鞁
鞃,鞃
鞄,鞄
鞅,鞅
鞅,鞅
鞇,鞇
鞉,鞉
鞋,鞋
鞌,鞌
鞍,鞌
鞍,鞍
巩,鞏
巩,鞏
鞗,鞗
鞘,鞘
鞙,鞙
鞚,鞚
鞝,鞝
鞝,鞝
鞞,鞞
鞠,鞠
鞠,鞠
鞡,鞡
鞣,鞣
鞥,鞥
秋,鞦
鞧,鞧
鞨,鞨
鞫,鞫
鞬,鞬
鞭,鞭
鞮,鞮
鞮,鞮
鞲,鞲
鞴,鞴
鞋,鞵
鞶,鞶
鞹,鞹
鞒,鞽
靴,鞾
韀,韀
缰,韁
韂,韂
鞑,韃
韅,韅
千,韆
袜,韈
鞯,韉
韦,韋
韦,韋
韧,韌
韨,韍
韎,韎
韩,韓
韔,韔
韖,韖
韘,韘
韪,韙
韛,韛
韬,韜
韝,韝
韫,韞
韡,韡
韣,韣
袜,韤
韭,韭
韭,韮
韱,韱
音,音
韶,韶
韶,韶
韹,韹
韺,韺
韵,韻
响,響
頀,頀
页,頁
页,頁
顶,頂
顷,頃
顷,頃
頄,頄
项,項
项,項
顺,順
顸,頇
须,須
顼,頊
顼,頊
颂,頌
𫠆,頍
颀,頎
颃,頏
预,預
顽,頑
颁,頒
顿,頓
𬱖,頔
頖,頖
颇,頗
颇,頗
领,領
頚,頚
颌,頜
頞,頞
额,頟
𬱟,頠
颉,頡
颉,頡
颉,頡
颐,頤
颏,頦
颏,頦
𫖯,頫
頬,頬
头,頭
头,頭
頯,頯
颊,頰
颋,頲
頳,頳
颕,頴
颔,頷
颈,頸
颈,頸
颓,頹
频,頻
赖,頼
颓,頽
颗,顆
悴,顇
腮,顋
题,題
题,題
额,額
颚,顎
颜,顏
颜,顏
顑,顑
颙,顒
颛,顓
颛,顓
颜,顔
顕,顕
𫖮,顗
愿,願
颡,顙
顚,顚
颠,顛
顜,顜
类,類
颟,顢
顣,顣
颢,顥
憔,顦
顾,顧
顾,顧
颤,顫
颥,顬
显,顯
颦,顰
颅,顱
颞,顳
颧,顴
风,風
飐,颭
飑,颮
飒,颯
台,颱
刮,颳
飓,颶
飔,颸
飏,颺
飖,颻
飕,颼
颽,颽
𩙫,颾
帆,颿
飗,飀
飂,飂
飘,飃
飘,飄
飙,飆
飚,飈
飌,飌
飞,飛
翻,飜
食,食
食,食
饣,飠
飡,飡
饥,飢
饤,飣
饲,飤
饦,飥
飧,飧
饨,飩
饪,飪
饫,飫
飬,飬
飬,飬
饬,飭
飮,飮
饭,飯
飰,飰
飧,飱
饮,飲
饮,飲
饴,飴
飶,飶
饲,飼
饱,飽
饰,飾
饳,飿
餀,餀
饪,餁
餂,餂
饺,餃
饸,餄
饼,餅
餇,餇
餈,餈
饷,餉
养,養
餋,餋
饵,餌
饹,餎
饹,餎
餐,餐
饽,餑
馁,餒
饿,餓
哺,餔
𫗦,餔
馂,餕
饾,餖
𫗧,餗
余,餘
馀,餘
馀,餘
肴,餚
馄,餛
馃,餜
饯,餞
餟,餟
餠,餠
馅,餡
餤,餤
喂,餧
馆,館
餩,餩
餪,餪
餫,餫
糊,餬
餮,餮
餯,餯
糇,餱
餲,餲
餲,餲
饧,餳
喂,餵
馉,餶
馇,餷
馇,餷
𩠌,餸
糖,餹
馎,餺
糕,餻
饩,餼
馈,餽
馏,餾
馏,餾
馊,餿
馌,饁
馍,饃
饄,饄
馒,饅
𱃲,饇
馐,饈
馑,饉
馓,饊
馈,饋
馔,饌
膳,饍
饎,饎
饐,饐
饥,饑
饶,饒
饶,饒
饔,饔
饕,饕
飨,饗
𫗴,饘
饙,饙
餍,饜
馍,饝
馋,饞
饷,饟
馕,饢
馕,饢
首,首
馗,馗
馘,馘
香,香
馝,馝
馡,馡
馣,馣
馥,馥
馨,馨
马,馬
马,馬
驭,馭
冯,馮
冯,馮
馯,馯
驮,馱
驮,馱
馲,馲
驰,馳
驯,馴
馵,馵
驲,馹
驴,馿
驳,駁
𫘝,駃
𫘝,駃
駄,駄
駅,駅
駆,駆
驱,駈
𬳶,駉
駋,駋
驻,駐
驽,駑
驹,駒
𬳵,駓
驵,駔
驾,駕
驾,駕
駗,駗
骀,駘
驸,駙
驶,駛
駜,駜
驼,駝
驼,駞
驷,駟
駠,駠
骂,駡
骈,駢
骈,駢
𬳽,駪
駬,駬
骇,駭
驳,駮
駯,駯
骃,駰
骆,駱
骆,駱
駴,駴
駵,駵
骎,駸
駹,駹
駻,駻
𬳿,駼
駽,駽
駾,駾
骏,駿
骋,騁
骍,騂
騃,騃
𫘧,騄
骓,騅
骓,騅
騆,騆
騇,騇
騉,騉
𫘦,騊
騋,騋
骔,騌
骒,騍
骑,騎
骑,騎
骐,騏
验,騐
騑,騑
騒,騒
験,験
騕,騕
骛,騖
騗,騗
騘,騘
骗,騙
𫘨,騠
騢,騢
鬃,騣
骙,騤
䯄,騧
骞,騫
骘,騭
骝,騮
腾,騰
𫘬,騱
𫘪,騵
驺,騶
驺,騶
骚,騷
骟,騸
騺,騺
骡,騾
蓦,驀
骜,驁
骖,驂
骠,驃
骢,驄
驱,驅
驆,驆
驈,驈
骅,驊
骕,驌
骁,驍
𬴊,驎
骣,驏
驒,驒
驔,驔
骄,驕
驖,驖
验,驗
骡,驘
驙,驙
惊,驚
驿,驛
骤,驟
驴,驢
骧,驤
骥,驥
骦,驦
欢,驩
骊,驪
骉,驫
骨,骨
骫,骫
骭,骭
肮,骯
骰,骰
骱,骱
骴,骴
骶,骶
骷,骷
骸,骸
骹,骹
骺,骺
骼,骼
腿,骽
鲠,骾
髀,髀
髁,髁
髂,髂
髄,髄
髆,髆
膀,髈
髍,髍
髎,髎
髅,髏
髇,髐
髑,髑
脏,髒
髓,髓
体,體
体,體
髌,髕
髋,髖
高,高
高,高
髙,髙
髝,髝
髞,髞
髟,髟
髠,髠
髡,髡
髢,髢
髣,髣
髯,髥
髦,髦
髧,髧
髨,髨
髩,髩
髪,髪
髫,髫
髭,髭
发,髮
髯,髯
髲,髲
髳,髳
佛,髴
髹,髹
髺,髺
髻,髻
髽,髽
髾,髾
剃,鬀
鬁,鬁
鬃,鬃
鬄,鬄
鬄,鬄
鬅,鬅
松,鬆
鬈,鬈
鬃,鬉
鬋,鬋
胡,鬍
鬎,鬎
鬏,鬏
鬐,鬐
鬑,鬑
鬒,鬒
鬖,鬖
鬗,鬗
鬘,鬘
鬙,鬙
须,鬚
鬟,鬟
鬠,鬠
鬓,鬢
鬣,鬣
斗,鬥
斗,鬦
闹,鬧
哄,鬨
阋,鬩
斗,鬪
鬫,鬫
鬬,鬬
斗,鬭
阄,鬮
鬯,鬯
郁,鬰
郁,鬱
郁,鬱
鬲,鬲
鬲,鬲
鬲,鬲
鬴,鬴
鬵,鬵
鬷,鬷
鬻,鬻
鬼,鬼
魀,魀
魁,魁
魂,魂
魃,魃
魄,魄
魅,魅
魆,魆
魈,魈
魊,魊
魋,魋
魌,魌
魍,魍
魉,魎
魏,魏
魏,魏
魑,魑
魔,魔
魖,魖
魇,魘
鱼,魚
鱼,魚
鱽,魛
𫚉,魟
魠,魠
鱾,魢
魣,魣
魦,魦
鲀,魨
魬,魬
魭,魭
鲁,魯
鲁,魯
鲂,魴
魵,魵
鱿,魷
魸,魸
鲄,魺
魾,魾
𬶍,鮀
鲅,鮁
鲆,鮃
𫚒,鮄
𫚖,鮆
𬶋,鮈
鲌,鮊
鲉,鮋
鲧,鮌
鲏,鮍
鲇,鮎
鲐,鮐
鲍,鮑
鲍,鮑
鲋,鮒
鲊,鮓
鲒,鮚
鲘,鮜
鲕,鮞
𩽾,鮟
𬶏,鮠
𬶐,鮡
䲟,鮣
鲖,鮦
鮨,鮨
鲔,鮪
鲛,鮫
鲑,鮭
鲜,鮮
鲜,鮮
鲪,鮶
𩾃,鮸
鲝,鮺
鮻,鮻
鮿,鮿
鲧,鯀
鲠,鯁
𩾁,鯄
鯆,鯆
鲩,鯇
鯈,鯈
鲤,鯉
鲨,鯊
鲻,鯔
鲯,鯕
鲭,鯖
鲭,鯖
鲞,鯗
鯙,鯙
鲷,鯛
鲴,鯝
𱇭,鯠
鲱,鯡
鲵,鯢
鲲,鯤
鯥,鯥
鲳,鯧
鲸,鯨
鲮,鯪
鲰,鯫
鲰,鯫
鯮,鯮
鲶,鯰
鳀,鯷
鯸,鯸
鲫,鯽
鳊,鯿
鳈,鰁
鲗,鰂
鰅,鰅
䲠,鰆
鲽,鰈
鳇,鰉
鰋,鰋
鳅,鰍
鲾,鰏
鳄,鰐
鳆,鰒
鳃,鰓
鰕,鰕
鰛,鰛
鳒,鰜
鳑,鰟
鲥,鰣
𫚕,鰤
鳏,鰥
鰦,鰦
鳎,鰨
鳐,鰩
鰫,鰫
鳍,鰭
鳁,鰮
鲢,鰱
鳌,鰲
鳓,鰳
鳘,鰵
𬶭,鰶
鲦,鰷
鲣,鰹
鲹,鰺
鳗,鰻
鳛,鰼
鰽,鰽
鳔,鰾
𬶨,鱀
鱄,鱄
鱄,鱄
鳙,鱅
𫠒,鱆
𩾌,鱇
鳕,鱈
鳖,鱉
鱎,鱎
鱐,鱐
鳟,鱒
鳝,鱓
鳝,鱔
鳜,鱖
鳞,鱗
鲟,鱘
鲼,鱝
鲎,鱟
鲙,鱠
鳣,鱣
鳣,鱣
鳡,鱤
鱥,鱥
鳢,鱧
鲿,鱨
鲚,鱭
鱮,鱮
鳠,鱯
𫚭,鱲
鱵,鱵
鳄,鱷
鲈,鱸
鲡,鱺
鲜,鱻
鲜,鱻
鸟,鳥
鸟,鳥
鳦,鳦
凫,鳧
鸠,鳩
鳫,鳫
凫,鳬
鳯,鳯
鸤,鳲
凤,鳳
凤,鳳
鸣,鳴
鸢,鳶
鳷,鳷
鳻,鳻
鳽,鳽
䴓,鳾
鴂,鴂
鴃,鴃
鴄,鴄
鸩,鴆
鸨,鴇
雁,鴈
鸦,鴉
鴎,鴎
鸰,鴒
𫛡,鴔
鸵,鴕
鴗,鴗
鸳,鴛
𪉈,鴜
鸲,鴝
鸮,鴞
鸱,鴟
鴠,鴠
鴢,鴢
鸪,鴣
鴥,鴥
鸯,鴦
鸭,鴨
鴪,鴪
鸸,鴯
鸹,鴰
鴳,鴳
鸻,鴴
䴕,鴷
鸿,鴻
鴽,鴽
鸽,鴿
鵀,鵀
䴔,鵁
鸺,鵂
鸼,鵃
𬷕,鵏
鹀,鵐
鹃,鵑
鹆,鵒
鹁,鵓
𱉝,鵖
鵗,鵗
鵙,鵙
鹈,鵜
鹅,鵝
鹅,鵞
𫛭,鵟
鹄,鵠
鹄,鵠
鹉,鵡
鵩,鵩
鹌,鵪
鵫,鵫
鹏,鵬
鹐,鵮
鹎,鵯
雕,鵰
鹊,鵲
鵵,鵵
鸦,鵶
鹓,鵷
鵺,鵺
鵻,鵻
鹍,鵾
鶂,鶂
𱉵,鶆
鸫,鶇
鹑,鶉
鹒,鶊
鶏,鶏
𫛶,鶒
鹋,鶓
鶕,鶕
鹙,鶖
鶗,鶗
鹕,鶘
鹗,鶚
鹖,鶡
鶤,鶤
鹛,鶥
鶦,鶦
鹜,鶩
䴗,鶪
鸧,鶬
莺,鶯
𬸣,鶱
鹟,鶲
鹤,鶴
鶵,鶵
鶸,鶸
鹠,鶹
鹡,鶺
鹘,鶻
鹘,鶻
鹣,鶼
鹚,鶿
鹚,鷀
鹢,鷁
鹞,鷂
鷃,鷃
鷄,鷄
鷇,鷇
䴘,鷈
䴘,鷉
鹝,鷊
鷏,鷏
鹧,鷓
鷕,鷕
鹥,鷖
鸥,鷗
鸷,鷙
鹨,鷚
鷞,鷞
𬸦,鷟
鸶,鷥
鹪,鷦
鷩,鷩
鹔,鷫
鷬,鷬
𬸪,鷭
鹩,鷯
燕,鷰
鹫,鷲
鹇,鷳
鹇,鷴
鹬,鷸
鹰,鷹
鹭,鷺
鸴,鷽
鷾,鷾
䴙,鷿
鸁,鸁
㶉,鸂
鹯,鸇
䴙,鸊
鹱,鸌
莺,鸎
鹲,鸏
鸐,鸐
𬸚,鸑
鸒,鸒
鸓,鸓
鸬,鸕
鸖,鸖
鹴,鸘
鹦,鸚
鹳,鸛
鸜,鸜
鹂,鸝
鸾,鸞
卤,鹵
鹸,鹸
咸,鹹
鹾,鹺
碱,鹻
碱,鹼
盐,鹽
鹿,鹿
麀,麀
麁,麁
麂,麂
麃,麃
麃,麃
麄,麄
麅,麅
麇,麇
麇,麇
麈,麈
麋,麋
麋,麋
麌,麌
麟,麐
麑,麑
麒,麒
麓,麓
麕,麕
麖,麖
丽,麗
丽,麗
麚,麚
麛,麛
麝,麝
獐,麞
麟,麟
麠,麠
麣,麣
粗,麤
麦,麥
麦,麥
麸,麩
面,麪
麫,麫
麭,麭
麮,麮
曲,麯
麰,麰
曲,麴
麴,麴
麹,麴
面,麵
麺,麺
麻,麻
麻,麻
么,麼
么,麼
么,麼
麽,麼
么,麽
麾,麾
麿,麿
黀,黀
黁,黁
黄,黃
黄,黃
黇,黇
黈,黈
黉,黌
黍,黍
黎,黎
黎,黎
黏,黏
黐,黐
黑,黑
黑,黑
黒,黒
黓,黓
黔,黔
黕,黕
黗,黗
默,默
黙,黙
黛,黛
黜,黜
黝,黝
点,點
黟,黟
黠,黠
黢,黢
黥,黥
黥,黥
黦,黦
黧,黧
党,黨
党,黨
黮,黮
黯,黯
黰,黰
黱,黱
黪,黲
霉,黴
黡,黶
黩,黷
黹,黹
黻,黻
黼,黼
黾,黽
黾,黽
鼋,黿
鼂,鼂
鼂,鼂
蛙,鼃
鼄,鼄
鼅,鼅
鳌,鼇
鳖,鼈
鼍,鼉
鼎,鼎
鼏,鼏
鼐,鼐
鼒,鼒
鼓,鼓
冬,鼕
冬,鼕
鼖,鼖
鼗,鼗
鼙,鼙
鼚,鼚
鼛,鼛
鼟,鼟
鼠,鼠
鼡,鼡
鼢,鼢
鼩,鼩
鼪,鼪
鼫,鼫
鼬,鼬
鼭,鼭
鼯,鼯
鼱,鼱
鼹,鼴
鼷,鼷
鼻,鼻
鼽,鼽
鼾,鼾
齁,齁
齆,齆
齇,齇
齈,齈
齉,齉
齐,齊
齐,齊
斋,齋
齌,齌
赍,齎
齑,齏
齿,齒
龀,齔
龁,齕
龂,齗
龅,齙
齚,齚
龇,齜
齞,齞
龃,齟
龆,齠
龄,齡
齢,齢
出,齣
龈,齦
龈,齦
啮,齧
啮,齧
咬,齩
龊,齪
龉,齬
𬺈,齮
𬺈,齮
𫠜,齯
齰,齰
齱,齱
龋,齲
齵,齵
腭,齶
龌,齷
齾,齾
龙,龍
龙,龍
厐,龎
庞,龐
庞,龐
䶮,龑
龒,龒
龚,龔
龛,龕
龖,龖
龗,龗
龘,龘
龟,龜
龟,龜
龟,龜
龝,龝
龠,龠
龡,龡
和,龢
龢,龢
龤,龤
龥,龥
龶,龶
鿍,鿍
鿫,鿫
鿬,鿬
𠈌,𠈌
𠙶,𠙶
𠩺,𠩺
𠯪,𠯪
𠳐,𠳐
𡳞,𡳞
𥻗,𥻗
𦙶,𦙶
𬭊,𨧀
𬭛,𨨏
𬭶,𨭆
𬭳,𨭎
𱅒,𩧢
𰻝,𰻞
